36247293,花儿与少年·丝路季,9.0,2023 / 中国大陆 / 真人秀 / 李超 / 秦海璐 秦岚,2023,https://img1.doubanio.com/view/photo/m_ratio_poster/public/p2900797398.jpg
34874646,繁花,8.6,2023 / 中国大陆 / 剧情 爱情 / 王家卫 / 胡歌 马伊琍,2023,https://img3.doubanio.com/view/photo/m_ratio_poster/public/p2902705337.jpg
36097798,要久久爱,0,2024 / 中国大陆 / 剧情 / 牛超 马成成 / 杨紫 范丞丞,2024,https://img3.doubanio.com/view/photo/m_ratio_poster/public/p2903422342.jpg
26862252,仙剑四,4.2,2024 / 中国大陆 / 剧情 奇幻 古装 / 杨玄 黄埜 / 鞠婧祎 陈哲远,2024,https://img1.doubanio.com/view/photo/m_ratio_poster/public/p2903377760.jpg
35321446,大江大河之岁月如歌,8.1,2024 / 中国大陆 / 剧情 / 孔笙 孙墨龙 刘洪源 / 王凯 杨烁,2024,https://img2.doubanio.com/view/photo/m_ratio_poster/public/p2902867531.jpg
35597502,祈今朝,4.9,2024 / 中国大陆 / 剧情 爱情 奇幻 古装 / 刘国楠 / 许凯 虞书欣,2024,https://img1.doubanio.com/view/photo/m_ratio_poster/public/p2903365358.jpg
35496759,在暴雪时分,0,2024 / 中国大陆 / 剧情 爱情 / 黄天仁 / 吴磊 赵今麦,2024,https://img9.doubanio.com/view/photo/m_ratio_poster/public/p2903683065.jpg
34948315,你也有今天,7.0,2024 / 中国大陆 / 剧情 爱情 / 陈铭章 陈世峄 / 陈星旭 章若楠,2024,https://img1.doubanio.com/view/photo/m_ratio_poster/public/p2902793589.jpg
35588177,漫长的季节,9.4,2023 / 中国大陆 / 剧情 家庭 犯罪 / 辛爽 / 范伟 秦昊,2023,https://img9.doubanio.com/view/photo/m_ratio_poster/public/p2890906384.jpg
35633163,莲花楼,8.5,2023 / 中国大陆 / 剧情 悬疑 武侠 古装 / 郭虎 任海涛 / 成毅 曾舜晞,2023,https://img9.doubanio.com/view/photo/m_ratio_poster/public/p2895958304.jpg
36155257,如果奔跑是我的人生,7.4,2024 / 中国大陆 / 剧情 / 沈严 李江明 / 钟楚曦 杨超越,2024,https://img9.doubanio.com/view/photo/m_ratio_poster/public/p2898370514.jpg
36178641,三大队,7.1,2023 / 中国大陆 / 动作 悬疑 犯罪 / 邢键钧 / 秦昊 李乃文,2023,https://img1.doubanio.com/view/photo/m_ratio_poster/public/p2902230708.jpg
35231245,狗剩快跑,0,2024 / 中国大陆 / 喜剧 历史 战争 / 王新军 / 蒋龙 史策,2024,https://img1.doubanio.com/view/photo/m_ratio_poster/public/p2903695288.jpg
35623467,黑土无言,6.6,2024 / 中国大陆 / 剧情 悬疑 犯罪 / 臧溪川 / 陈建斌 胡军,2024,https://img9.doubanio.com/view/photo/m_ratio_poster/public/p2882791595.jpg
35465232,狂飙,8.5,2023 / 中国大陆 / 剧情 犯罪 / 徐纪周 / 张译 张颂文,2023,https://img2.doubanio.com/view/photo/m_ratio_poster/public/p2886376181.jpg
25785216,长相思,7.8,2023 / 中国大陆 / 爱情 奇幻 古装 / 秦榛 杨欢 / 杨紫 张晚意,2023,https://img3.doubanio.com/view/photo/m_ratio_poster/public/p2893468957.jpg
4922787,后宫·甄嬛传,9.4,2011 / 中国大陆 / 剧情 古装 / 郑晓龙 / 孙俪 陈建斌,2011,https://img3.doubanio.com/view/photo/m_ratio_poster/public/p1480046723.jpg
35861086,神隐,6.0,2023 / 中国大陆 / 剧情 爱情 奇幻 古装 / 陈家霖 李才 / 赵露思 王安宇,2023,https://img1.doubanio.com/view/photo/m_ratio_poster/public/p2901821390.jpg
26926445,长歌行,6.0,2021 / 中国大陆 / 剧情 古装 / 朱锐斌 / 迪丽热巴 吴磊,2021,https://img3.doubanio.com/view/photo/m_ratio_poster/public/p2637797413.jpg
35639366,19层,6.8,2024 / 中国大陆 / 科幻 悬疑 冒险 / 蔡聪 / 孙千 魏哲鸣,2024,https://img3.doubanio.com/view/photo/m_ratio_poster/public/p2903358233.jpg
26752700,漂亮的李慧珍,3.1,2017 / 中国大陆 / 喜剧 爱情 / 赵晨阳 / 迪丽热巴 盛一伦,2017,https://img1.doubanio.com/view/photo/m_ratio_poster/public/p2392150879.jpg
36140095,新闻女王,7.8,2023 / 中国香港 中国大陆 / 剧情 / 陈海斌 姜振杰 / 佘诗曼 马国明,2023,https://img1.doubanio.com/view/photo/m_ratio_poster/public/p2900220099.jpg
35725842,繁城之下,8.5,2023 / 中国大陆 / 悬疑 犯罪 古装 / 王铮 / 白宇帆 宁理,2023,https://img2.doubanio.com/view/photo/m_ratio_poster/public/p2899317221.jpg
36016469,脱轨,6.7,2023 / 中国大陆 / 剧情 爱情 奇幻 / 沈阳 / 刘浩存 林一,2023,https://img9.doubanio.com/view/photo/m_ratio_poster/public/p2901745424.jpg
35170004,王者荣耀：荣耀之章碎月篇,8.5,2024 / 中国大陆 / 动画 / 陈万里 赵奔 邓煌 付博 / 汪佳杰 藤新 Xin Teng,2024,https://img9.doubanio.com/view/photo/m_ratio_poster/public/p2903188566.jpg
26928226,知否知否应是绿肥红瘦,7.9,2018 / 中国大陆 / 剧情 爱情 古装 / 张开宙 / 赵丽颖 冯绍峰,2018,https://img1.doubanio.com/view/photo/m_ratio_poster/public/p2537131688.jpg
33454980,你是我的荣耀,6.9,2021 / 中国大陆 / 爱情 / 王之 / 迪丽热巴 杨洋,2021,https://img1.doubanio.com/view/photo/m_ratio_poster/public/p2673655588.jpg
35993527,我们的翻译官,6.7,2024 / 中国大陆 / 剧情 / 张彤 / 宋茜 陈星旭,2024,https://img9.doubanio.com/view/photo/m_ratio_poster/public/p2902873344.jpg
35525475,公诉,6.6,2023 / 中国大陆 / 剧情 悬疑 犯罪 / 余丁 / 迪丽热巴 佟大为,2023,https://img9.doubanio.com/view/photo/m_ratio_poster/public/p2892694004.jpg
26920281,香蜜沉沉烬如霜,7.8,2018 / 中国大陆 / 爱情 奇幻 古装 / 朱锐斌 李秉光 澄丰 / 杨紫 邓伦,2018,https://img1.doubanio.com/view/photo/m_ratio_poster/public/p2529398939.jpg
33404425,隐秘的角落,8.8,2020 / 中国大陆 / 剧情 悬疑 犯罪 / 辛爽 / 秦昊 王景春,2020,https://img1.doubanio.com/view/photo/m_ratio_poster/public/p2609064048.jpg
26647087,三体,8.7,2023 / 中国大陆 / 剧情 科幻 / 杨磊 / 张鲁一 于和伟,2023,https://img2.doubanio.com/view/photo/m_ratio_poster/public/p2886492021.jpg
26794191,亲爱的，热爱的,6.6,2019 / 中国大陆 / 剧情 爱情 / 李青蓉 项旭晶 / 杨紫 李现,2019,https://img3.doubanio.com/view/photo/m_ratio_poster/public/p2562817113.jpg
3227335,仙剑奇侠传三,9.0,2009 / 中国大陆 / 爱情 奇幻 武侠 古装 / 李国立 / 胡歌 霍建华,2009,https://img9.doubanio.com/view/photo/m_ratio_poster/public/p2561696294.jpg
35662223,去有风的地方,8.7,2023 / 中国大陆 / 剧情 爱情 / 丁梓光 / 刘亦菲 李现,2023,https://img1.doubanio.com/view/photo/m_ratio_poster/public/p2885759819.jpg
35029547,沉香如屑·沉香重华,5.9,2022 / 中国大陆 / 古装 / 郭虎 任海涛 / 杨紫 成毅,2022,https://img9.doubanio.com/view/photo/m_ratio_poster/public/p2701763205.jpg
25754848,琅琊榜,9.4,2015 / 中国大陆 / 剧情 古装 / 孔笙 李雪 / 胡歌 刘涛,2015,https://img1.doubanio.com/view/photo/m_ratio_poster/public/p2271982968.jpg
35797771,一念关山,6.4,2023 / 中国大陆 / 动作 古装 / 周靖韬 邹曦 / 刘诗诗 刘宇宁,2023,https://img3.doubanio.com/view/photo/m_ratio_poster/public/p2901264492.jpg
35465016,宁安如梦,6.8,2023 / 中国大陆 / 剧情 古装 / 朱锐斌 / 白鹿 张凌赫,2023,https://img2.doubanio.com/view/photo/m_ratio_poster/public/p2892072141.jpg
33447642,沉默的真相,9.0,2020 / 中国大陆 / 剧情 悬疑 犯罪 / 陈奕甫 / 廖凡 白宇,2020,https://img3.doubanio.com/view/photo/m_ratio_poster/public/p2620780603.jpg
25853071,庆余年 第一季,7.9,2019 / 中国大陆 / 剧情 古装 / 孙皓 / 张若昀 李沁,2019,https://img3.doubanio.com/view/photo/m_ratio_poster/public/p2575362797.jpg
35248734,安乐传,5.8,2023 / 中国大陆 / 剧情 爱情 古装 / 成志超 马华干 苏飞 / 迪丽热巴 龚俊,2023,https://img9.doubanio.com/view/photo/m_ratio_poster/public/p2896959984.jpg
36155049,古相思曲,8.6,2023 / 中国大陆 / 剧情 爱情 奇幻 古装 / 知竹 / 张雅钦 郭迦南,2023,https://img3.doubanio.com/view/photo/m_ratio_poster/public/p2893594852.jpg
35235410,与君初相识·恰似故人归,5.7,2022 / 中国大陆 / 爱情 奇幻 古装 / 朱锐斌 / 迪丽热巴 任嘉伦,2022,https://img1.doubanio.com/view/photo/m_ratio_poster/public/p2897009480.jpg
34779776,苍兰诀,8.1,2022 / 中国大陆 / 奇幻 古装 / 伊峥 钱敬午 / 虞书欣 王鹤棣,2022,https://img9.doubanio.com/view/photo/m_ratio_poster/public/p2674132194.jpg
26915522,三生三世枕上书,6.8,2020 / 中国大陆 / 剧情 爱情 奇幻 / 杨玄 / 迪丽热巴 高伟光,2020,https://img3.doubanio.com/view/photo/m_ratio_poster/public/p2572853132.jpg
35873858,鸣龙少年,6.9,2023 / 中国大陆 / 剧情 / 丁黑 / 张若昀 黄尧,2023,https://img1.doubanio.com/view/photo/m_ratio_poster/public/p2901660879.jpg
2210031,仙剑奇侠传,9.1,2005 / 中国大陆 / 爱情 奇幻 武侠 古装 / 李国立 吴锦源 梁胜权 麦贯之 / 胡歌 刘亦菲,2005,https://img9.doubanio.com/view/photo/m_ratio_poster/public/p2561931895.jpg
35332289,开端,7.9,2022 / 中国大陆 / 剧情 / 孙墨龙 刘洪源 老算 / 白敬亭 赵今麦,2022,https://img1.doubanio.com/view/photo/m_ratio_poster/public/p2843045720.jpg
35839999,不良执念清除师,8.8,2023 / 中国台湾 / 喜剧 奇幻 / 林冠慧 / 曾敬骅 宋芸桦,2023,https://img1.doubanio.com/view/photo/m_ratio_poster/public/p2885470890.jpg
36059766,故乡，别来无恙,8.2,2023 / 中国大陆 / 剧情 / 彭晨 王光 / 任素汐 李雪琴,2023,https://img9.doubanio.com/view/photo/m_ratio_poster/public/p2893477705.jpg
25975243,三生三世十里桃花,6.6,2017 / 中国大陆 / 剧情 爱情 奇幻 / 林玉芬 余翠华 任海涛 / 杨幂 赵又廷,2017,https://img1.doubanio.com/view/photo/m_ratio_poster/public/p2632035069.jpg
35861101,云之羽,6.1,2023 / 中国大陆 / 剧情 奇幻 古装 / 顾晓声 / 虞书欣 张凌赫,2023,https://img1.doubanio.com/view/photo/m_ratio_poster/public/p2891823060.jpg
3882715,武林外传,9.6,2006 / 中国大陆 / 喜剧 武侠 古装 / 尚敬 / 闫妮 姚晨,2006,https://img2.doubanio.com/view/photo/m_ratio_poster/public/p2529669661.jpg
30403219,余生，请多指教,6.0,2022 / 中国大陆 / 剧情 爱情 / 吕赢 / 杨紫 肖战,2022,https://img1.doubanio.com/view/photo/m_ratio_poster/public/p2642873089.jpg
35937462,致命游戏,0,2024 / 中国大陆 / 剧情 悬疑 / 彭发 / 夏之光 黄俊捷,2024,https://img9.doubanio.com/view/photo/m_ratio_poster/public/p2904014876.jpg
35452438,星汉灿烂·月升沧海,7.7,2022 / 中国大陆 / 剧情 爱情 / 费振翔 / 吴磊 赵露思,2022,https://img3.doubanio.com/view/photo/m_ratio_poster/public/p2875643522.jpg
35899932,偷偷藏不住,6.7,2023 / 中国大陆 / 剧情 爱情 / 李青蓉 / 赵露思 陈哲远,2023,https://img1.doubanio.com/view/photo/m_ratio_poster/public/p2893353120.jpg
35691837,小城故事多,0,2024 / 中国大陆 / 剧情 / 郭增友 / 张佳宁 高至霆,2024,https://img3.doubanio.com/view/photo/m_ratio_poster/public/p2903541757.jpg
24294849,阿娜尔罕,6.2,2013 / 中国大陆 / 剧情 爱情 / 阎清秀 于德安 / 迪丽热巴 阿卜力克木·阿卜来提,2013,https://img3.doubanio.com/view/photo/m_ratio_poster/public/p2883578412.jpg
35725856,尘封十三载,8.1,2023 / 中国大陆 / 悬疑 犯罪 / 刘海波 / 陈建斌 陈晓,2023,https://img3.doubanio.com/view/photo/m_ratio_poster/public/p2890394683.jpg
2156663,西游记,9.7,1986 / 中国大陆 / 剧情 动作 奇幻 冒险 古装 / 杨洁 / 六小龄童 迟重瑞,1986,https://img1.doubanio.com/view/photo/m_ratio_poster/public/p2265959269.jpg
30468961,想见你,9.2,2019 / 中国台湾 / 爱情 悬疑 奇幻 / 黄天仁 / 柯佳嬿 许光汉,2019,https://img2.doubanio.com/view/photo/m_ratio_poster/public/p2576977981.jpg
26430092,欢乐颂,7.5,2016 / 中国大陆 / 剧情 爱情 / 孔笙 简川訸 / 刘涛 蒋欣,2016,https://img3.doubanio.com/view/photo/m_ratio_poster/public/p2336048812.jpg
35490187,很想很想你,6.7,2023 / 中国大陆 / 剧情 爱情 / 沙维琪 / 檀健次 周也,2023,https://img1.doubanio.com/view/photo/m_ratio_poster/public/p2900769600.jpg
35587662,装腔启示录,8.1,2023 / 中国大陆 / 剧情 爱情 / 李漠 / 蔡文静 韩东君,2023,https://img9.doubanio.com/view/photo/m_ratio_poster/public/p2897215665.jpg
36563539,快乐老友记,9.1,2023 / 中国大陆 / 音乐 真人秀 / 孔晓一 / 陈楚生 苏醒,2023,https://img3.doubanio.com/view/photo/m_ratio_poster/public/p2900406082.jpg
35712815,我有一个朋友,8.6,2023 / 中国大陆 / 喜剧 古装 / 毕鑫业 / 谢兴阳 苏梦迪,2023,https://img1.doubanio.com/view/photo/m_ratio_poster/public/p2897779490.jpg
19965220,父母爱情,9.4,2014 / 中国大陆 / 爱情 家庭 / 孔笙 / 郭涛 梅婷,2014,https://img1.doubanio.com/view/photo/m_ratio_poster/public/p2892197648.jpg
35444999,以爱为营,4.3,2023 / 中国大陆 / 剧情 / 郭虎 / 白鹿 王鹤棣,2023,https://img1.doubanio.com/view/photo/m_ratio_poster/public/p2900138920.jpg
36098684,欢乐家长群,0,2024 / 中国大陆 / 喜剧 家庭 / 李亚飞 / 张嘉益 陈好,2024,https://img9.doubanio.com/view/photo/m_ratio_poster/public/p2903998835.jpg
2210001,大明王朝1566,9.8,2007 / 中国大陆 / 剧情 历史 古装 / 张黎 / 陈宝国 黄志忠,2007,https://img1.doubanio.com/view/photo/m_ratio_poster/public/p2444453078.jpg
27088995,一千零一夜,5.3,2018 / 中国大陆 / 喜剧 爱情 / 金沙 / 迪丽热巴 邓伦,2018,https://img1.doubanio.com/view/photo/m_ratio_poster/public/p2510461740.jpg
20258941,战长沙,9.1,2014 / 中国大陆 / 剧情 历史 战争 / 孔笙 张开宙 / 霍建华 杨紫,2014,https://img9.doubanio.com/view/photo/m_ratio_poster/public/p2587253735.jpg
35284451,少年歌行,8.3,2022 / 中国大陆 / 剧情 武侠 / 尹涛 / 李宏毅 刘学义,2022,https://img1.doubanio.com/view/photo/m_ratio_poster/public/p2896961428.jpg
26727273,人民的名义,8.3,2017 / 中国大陆 / 剧情 悬疑 犯罪 / 李路 / 陆毅 柯蓝,2017,https://img1.doubanio.com/view/photo/m_ratio_poster/public/p2452241358.jpg
26585909,麻辣变形计,7.3,2016 / 中国大陆 / 剧情 / 袁晓满 / 迪丽热巴 马可,2016,https://img3.doubanio.com/view/photo/m_ratio_poster/public/p2284903433.jpg
30228394,觉醒年代,9.3,2021 / 中国大陆 / 剧情 历史 / 张永新 / 于和伟 张桐,2021,https://img9.doubanio.com/view/photo/m_ratio_poster/public/p2631873666.jpg
35235151,唐朝诡事录,7.9,2022 / 中国大陆 / 悬疑 奇幻 武侠 古装 / 柏杉 / 杨旭文 杨志刚,2022,https://img3.doubanio.com/view/photo/m_ratio_poster/public/p2883995667.jpg
35588219,南海归墟,6.1,2023 / 中国大陆 / 剧情 动作 冒险 / 蔡岳勋 / 潘粤明 张雨绮,2023,https://img3.doubanio.com/view/photo/m_ratio_poster/public/p2893738612.jpg
26797690,大江大河,8.8,2018 / 中国大陆 / 剧情 / 孔笙 黄伟 / 王凯 杨烁,2018,https://img1.doubanio.com/view/photo/m_ratio_poster/public/p2541093820.jpg
35307437,猎罪图鉴,7.6,2022 / 中国大陆 / 悬疑 犯罪 / 邢键钧 / 檀健次 金世佳,2022,https://img1.doubanio.com/view/photo/m_ratio_poster/public/p2869230669.jpg
30313647,女心理师,5.2,2021 / 中国大陆 / 剧情 / 柯汶利 / 杨紫 井柏然,2021,https://img1.doubanio.com/view/photo/m_ratio_poster/public/p2619840449.jpg
27073044,幸福，触手可及！,5.1,2020 / 中国大陆 / 爱情 / 沈阳 贲放 / 黄景瑜 迪丽热巴,2020,https://img1.doubanio.com/view/photo/m_ratio_poster/public/p2603414380.jpg
26883064,白夜追凶,8.9,2017 / 中国大陆 / 剧情 悬疑 犯罪 / 王伟 / 潘粤明 王龙正,2017,https://img3.doubanio.com/view/photo/m_ratio_poster/public/p2483150767.jpg
2160565,家有儿女,9.0,2005 / 中国大陆 / 喜剧 家庭 / 林丛 / 宋丹丹 高亚麟,2005,https://img1.doubanio.com/view/photo/m_ratio_poster/public/p2567683328.jpg
25812420,花千骨,7.3,2015 / 中国大陆 / 剧情 爱情 奇幻 古装 / 林玉芬 高林豹 梁胜权 / 霍建华 赵丽颖,2015,https://img1.doubanio.com/view/photo/m_ratio_poster/public/p2266262929.jpg
35501483,长月烬明,5.6,2023 / 中国大陆 / 剧情 爱情 奇幻 古装 / 鞠觉亮 / 罗云熙 白鹿,2023,https://img2.doubanio.com/view/photo/m_ratio_poster/public/p2896960721.jpg
27195020,陈情令,7.7,2019 / 中国大陆 / 剧情 古装 / 郑伟文 陈家霖 / 肖战 王一博,2019,https://img9.doubanio.com/view/photo/m_ratio_poster/public/p2563766934.jpg
35231822,梦华录,7.9,2022 / 中国大陆 / 剧情 爱情 古装 / 杨阳 / 刘亦菲 陈晓,2022,https://img9.doubanio.com/view/photo/m_ratio_poster/public/p2656327176.jpg
34463197,传闻中的陈芊芊,7.3,2020 / 中国大陆 / 喜剧 爱情 奇幻 古装 / 查传谊 / 赵露思 丁禹兮,2020,https://img3.doubanio.com/view/photo/m_ratio_poster/public/p2602398693.jpg
35679640,有生之年,8.8,2023 / 中国台湾 / 剧情 喜剧 / 许肇任 / 吴慷仁 郑元畅,2023,https://img1.doubanio.com/view/photo/m_ratio_poster/public/p2897014020.jpg
35390378,花戎,5.1,2023 / 中国大陆 / 爱情 古装 / 陈国华 胡意涓 / 鞠婧祎 郭俊辰,2023,https://img9.doubanio.com/view/photo/m_ratio_poster/public/p2892783004.jpg
3926132,爱情公寓,8.1,2009 / 中国大陆 / 喜剧 爱情 / 韦正 / 赵霁 金世佳,2009,https://img1.doubanio.com/view/photo/m_ratio_poster/public/p2325129230.jpg
35465009,卿卿日常,7.2,2022 / 中国大陆 / 喜剧 爱情 古装 / 赵启辰 / 白敬亭 田曦薇,2022,https://img1.doubanio.com/view/photo/m_ratio_poster/public/p2883234369.jpg
36478216,你好，种地少年,9.2,2023 / 中国大陆 / 真人秀 / 杨长岭 / 蒋敦豪 鹭卓 ,2023,https://img1.doubanio.com/view/photo/m_ratio_poster/public/p2898363239.jpg
26897025,芸汐传,6.1,2018 / 中国大陆 / 爱情 武侠 古装 / 林健龙 刘镇明 / 鞠婧祎 米热,2018,https://img2.doubanio.com/view/photo/m_ratio_poster/public/p2686997131.jpg
30181230,我们与恶的距离,9.4,2019 / 中国台湾 / 剧情 / 林君阳 / 贾静雯 温升豪,2019,https://img9.doubanio.com/view/photo/m_ratio_poster/public/p2554916825.jpg
1864810,红楼梦,9.7,1987 / 中国大陆 / 剧情 爱情 古装 / 王扶林 / 欧阳奋强 陈晓旭,1987,https://img9.doubanio.com/view/photo/m_ratio_poster/public/p2554030915.jpg
35172742,当我飞奔向你,7.9,2023 / 中国大陆 / 剧情 / 猫的树 / 周翊然 张淼怡,2023,https://img9.doubanio.com/view/photo/m_ratio_poster/public/p2897405175.jpg
1786739,还珠格格,8.5,1998 / 中国台湾 中国大陆 / 剧情 喜剧 动作 爱情 古装 / 孙树培 / 苏有朋 林心如,1998,https://img9.doubanio.com/view/photo/m_ratio_poster/public/p2370846705.jpg
26602244,最好的我们,8.9,2016 / 中国大陆 / 剧情 爱情 / 刘畅 / 刘昊然 谭松韵,2016,https://img1.doubanio.com/view/photo/m_ratio_poster/public/p2299407300.jpg
35441874,何以中国,9.2,2023 / 中国大陆 / 纪录片 / 干超 周洪波 魏国歌 王凯 钟倍尔 黄瀛灏 王冲霄 许贞 曹兢 / 胡歌 曹磊,2023,https://img3.doubanio.com/view/photo/m_ratio_poster/public/p2899757122.jpg
30423905,大江大河2,8.8,2020 / 中国大陆 / 剧情 历史 / 李雪 黄伟 / 王凯 杨烁,2020,https://img3.doubanio.com/view/photo/m_ratio_poster/public/p2628760333.jpg
34794707,终极笔记,8.2,2020 / 中国大陆 / 剧情 奇幻 冒险 / 邹曦 马小刚 / 曾舜晞 肖宇梁,2020,https://img3.doubanio.com/view/photo/m_ratio_poster/public/p2628058192.jpg
35203354,爱情而已,8.2,2023 / 中国大陆 / 剧情 爱情 / 陈畅 / 吴磊 周雨彤,2023,https://img9.doubanio.com/view/photo/m_ratio_poster/public/p2889590695.jpg
36613832,守护解放西4,8.2,2023 / 中国大陆 / 纪录片 / 肖姝,2023,https://img2.doubanio.com/view/photo/m_ratio_poster/public/p2900333761.jpg
35693264,我知道我爱你,6.4,2023 / 中国大陆 / 剧情 / 吕聿来 / 张晚意 孙怡,2023,https://img9.doubanio.com/view/photo/m_ratio_poster/public/p2902408635.jpg
5384548,步步惊心,8.4,2011 / 中国大陆 / 剧情 爱情 / 李国立 / 刘诗诗 吴奇隆,2011,https://img1.doubanio.com/view/photo/m_ratio_poster/public/p1240441409.jpg
35207856,人世间,8.4,2022 / 中国大陆 / 剧情 / 李路 / 雷佳音 辛柏青,2022,https://img1.doubanio.com/view/photo/m_ratio_poster/public/p2867957830.jpg
25994712,伪装者,8.6,2015 / 中国大陆 / 剧情 悬疑 / 李雪 / 胡歌 靳东,2015,https://img3.doubanio.com/view/photo/m_ratio_poster/public/p2902720052.jpg
30358061,琉璃,7.4,2020 / 中国大陆 / 剧情 古装 / 尹涛 麦贯之 / 成毅 袁冰妍,2020,https://img3.doubanio.com/view/photo/m_ratio_poster/public/p2576600103.jpg
35161592,风吹半夏,8.2,2022 / 中国大陆 / 剧情 爱情 / 傅东育 毛溦 / 赵丽颖 欧豪,2022,https://img3.doubanio.com/view/photo/m_ratio_poster/public/p2883324282.jpg
32486616,嘉南传,3.9,2021 / 中国大陆 / 剧情 爱情 古装 / 智磊 符策欣 / 鞠婧祎 曾舜晞,2021,https://img9.doubanio.com/view/photo/m_ratio_poster/public/p2700091894.jpg
34785763,俗女养成记,9.3,2019 / 中国台湾 / 剧情 喜剧 / 严艺文 陈长纶 / 谢盈萱 温升豪,2019,https://img9.doubanio.com/view/photo/m_ratio_poster/public/p2566987435.jpg
26853822,异人之下,8.1,2023 / 中国大陆 / 剧情 奇幻 / 许宏宇 / 彭昱畅 侯明昊,2023,https://img1.doubanio.com/view/photo/m_ratio_poster/public/p2896962608.jpg
24697826,古剑奇谭,7.3,2014 / 中国大陆 / 剧情 奇幻 武侠 古装 / 梁胜权 黄俊文 / 杨幂 李易峰,2014,https://img3.doubanio.com/view/photo/m_ratio_poster/public/p2042588842.jpg
26999852,延禧攻略,7.1,2018 / 中国大陆 / 剧情 爱情 古装 / 惠楷栋 温德光 / 秦岚 聂远,2018,https://img2.doubanio.com/view/photo/m_ratio_poster/public/p2509891341.jpg
2254648,亮剑,9.5,2005 / 中国大陆 / 剧情 战争 / 张前 陈健 / 李幼斌 何政军,2005,https://img3.doubanio.com/view/photo/m_ratio_poster/public/p900419027.jpg
2154096,士兵突击,9.5,2006 / 中国大陆 / 剧情 / 康洪雷 / 王宝强 陈思诚,2006,https://img9.doubanio.com/view/photo/m_ratio_poster/public/p2240922426.jpg
25823280,东宫,7.6,2019 / 中国大陆 / 爱情 古装 / 李木戈 / 陈星旭 彭小苒,2019,https://img2.doubanio.com/view/photo/m_ratio_poster/public/p2548059611.jpg
36003014,侦察英雄,0,2024 / 中国大陆 / 剧情 历史 战争 / 郑晓龙 安战军 / 罗晋 马思纯,2024,https://img1.doubanio.com/view/photo/m_ratio_poster/public/p2903069248.jpg
26930540,无证之罪,8.0,2017 / 中国大陆 / 悬疑 犯罪 / 吕行 / 秦昊 邓家佳,2017,https://img3.doubanio.com/view/photo/m_ratio_poster/public/p2497732763.jpg
3314870,潜伏,9.5,2008 / 中国大陆 / 剧情 / 姜伟 付玮 / 孙红雷 姚晨,2008,https://img9.doubanio.com/view/photo/m_ratio_poster/public/p2189694504.jpg
35496394,田耕纪,6.6,2023 / 中国大陆 / 剧情 古装 / 洪泠 / 曾舜晞 田曦薇,2023,https://img9.doubanio.com/view/photo/m_ratio_poster/public/p2891824344.jpg
10793510,爱情公寓4,7.7,2014 / 中国大陆 / 喜剧 爱情 / 韦正 / 娄艺潇 陈赫,2014,https://img3.doubanio.com/view/photo/m_ratio_poster/public/p2163160507.jpg
26862282,阿麦从军,0,2024 / 中国大陆 / 爱情 古装 / 田少波 / 张天爱 张昊唯,2024,https://img9.doubanio.com/view/photo/m_ratio_poster/public/p2898376504.jpg
35033654,山海情,9.2,2021 / 中国大陆 / 剧情 / 孔笙 孙墨龙 / 黄轩 张嘉益,2021,https://img1.doubanio.com/view/photo/m_ratio_poster/public/p2630904628.jpg
35087777,长风渡,6.5,2023 / 中国大陆 / 剧情 古装 / 尹涛 / 白敬亭 宋轶,2023,https://img1.doubanio.com/view/photo/m_ratio_poster/public/p2894016108.jpg
34905779,问心,8.4,2023 / 中国大陆 / 剧情 / 黎志 / 赵又廷 毛晓彤,2023,https://img9.doubanio.com/view/photo/m_ratio_poster/public/p2893493794.jpg
36230054,种地吧,9.0,2023 / 中国大陆 / 真人秀 / 陈少熙 何浩楠,2023,https://img3.doubanio.com/view/photo/m_ratio_poster/public/p2887419597.jpg
35058573,月光变奏曲,7.0,2021 / 中国大陆 / 剧情 爱情 / 张博昱 / 虞书欣 丁禹兮,2021,https://img3.doubanio.com/view/photo/m_ratio_poster/public/p2649433827.jpg
25812730,如懿传,7.5,2018 / 中国大陆 / 剧情 历史 古装 / 汪俊 / 周迅 霍建华,2018,https://img3.doubanio.com/view/photo/m_ratio_poster/public/p2460165077.jpg
35480932,周生如故,7.3,2021 / 中国大陆 / 剧情 爱情 古装 / 郭虎 / 任嘉伦 白鹿,2021,https://img1.doubanio.com/view/photo/m_ratio_poster/public/p2677092039.jpg
35936087,鹊刀门传奇,8.2,2023 / 中国大陆 / 剧情 喜剧 动作 武侠 古装 / 唐铁军 吴迪 / 赵本山 宋小宝,2023,https://img9.doubanio.com/view/photo/m_ratio_poster/public/p2896880555.jpg
4707205,爱情公寓2,8.1,2011 / 中国大陆 / 喜剧 爱情 / 韦正 / 娄艺潇 王传君,2011,https://img3.doubanio.com/view/photo/m_ratio_poster/public/p765135303.jpg
35318009,天官赐福 第二季,7.8,2023 / 中国大陆 / 剧情 动画 / 李豪凌 / 邓宥希 马正阳,2023,https://img9.doubanio.com/view/photo/m_ratio_poster/public/p2800874534.jpg
26956031,天乩之白蛇传说,6.2,2018 / 中国大陆 / 剧情 爱情 古装 / 尹涛 刘国辉 / 杨紫 任嘉伦,2018,https://img1.doubanio.com/view/photo/m_ratio_poster/public/p2494923060.jpg
35705832,八尺门的辩护人,8.7,2023 / 中国台湾 / 剧情 悬疑 / 唐福睿 / 李铭顺 范逸臣,2023,https://img3.doubanio.com/view/photo/m_ratio_poster/public/p2884967683.jpg
35087769,一闪一闪亮星星,6.8,2022 / 中国大陆 / 爱情 悬疑 奇幻 / 陈小明 章攀 / 张佳宁 屈楚萧,2022,https://img3.doubanio.com/view/photo/m_ratio_poster/public/p2867203983.jpg
35429466,警察荣誉,8.5,2022 / 中国大陆 / 剧情 / 丁黑 鲍成志 符策欣 / 张若昀 白鹿,2022,https://img1.doubanio.com/view/photo/m_ratio_poster/public/p2645165728.jpg
35589397,我可能遇到了救星,8.1,2022 / 中国大陆 / 喜剧 爱情 / 王征 / 曾舜晞 梁洁,2022,https://img9.doubanio.com/view/photo/m_ratio_poster/public/p2885046844.jpg
36036719,快乐再出发 第二季,9.5,2022 / 中国大陆 / 音乐 真人秀 / 陈楚生 苏醒,2022,https://img9.doubanio.com/view/photo/m_ratio_poster/public/p2885581294.jpg
6312211,爱情公寓3,7.7,2012 / 中国大陆 / 剧情 喜剧 爱情 / 韦正 / 娄艺潇 陈赫,2012,https://img3.doubanio.com/view/photo/m_ratio_poster/public/p1625980712.jpg
35882587,爱爱内含光,7.4,2024 / 中国台湾 / 剧情 爱情 / 黄婕妤 / 詹子萱 柯震东,2024,https://img1.doubanio.com/view/photo/m_ratio_poster/public/p2904067538.jpg
35674355,中国奇谭,8.7,2023 / 中国大陆 / 动画 短片 奇幻 / 陈廖宇 於水 胡睿 杨木 刘毛宁 陈莲华 周小琳 潘斌 顾杨 刘旷 徐宁,2023,https://img3.doubanio.com/view/photo/m_ratio_poster/public/p2885130077.jpg
34991920,星落凝成糖,7.3,2023 / 中国大陆 / 剧情 爱情 奇幻 / 朱锐斌 / 陈星旭 李兰迪,2023,https://img1.doubanio.com/view/photo/m_ratio_poster/public/p2897009328.jpg
35215517,俗女养成记2,9.3,2021 / 中国台湾 / 剧情 喜剧 / 陈长纶 严艺文 / 谢盈萱 吴以涵,2021,https://img3.doubanio.com/view/photo/m_ratio_poster/public/p2676295767.jpg
27088993,都挺好,7.7,2019 / 中国大陆 / 剧情 家庭 / 简川訸 / 姚晨 倪大红,2019,https://img1.doubanio.com/view/photo/m_ratio_poster/public/p2549148229.jpg
32581207,御赐小仵作,8.0,2021 / 中国大陆 / 古装 / 楼健 / 苏晓彤 王子奇,2021,https://img3.doubanio.com/view/photo/m_ratio_poster/public/p2652208493.jpg
35431983,梦中的那片海,7.5,2023 / 中国大陆 / 剧情 爱情 / 付宁 / 肖战 李沁,2023,https://img9.doubanio.com/view/photo/m_ratio_poster/public/p2892744226.jpg
25823275,青云志,6.9,2016 / 中国大陆 / 奇幻 武侠 古装 / 朱锐斌 周靖韬 刘国辉 朱少杰 / 李易峰 赵丽颖,2016,https://img1.doubanio.com/view/photo/m_ratio_poster/public/p2298470198.jpg
36571025,少爷和我,0,2024 / 中国大陆 / 喜剧 短片 / 王莉 / 张哲华 詹鑫,2024,https://img1.doubanio.com/view/photo/m_ratio_poster/public/p2904004809.jpg
35653130,父辈的荣耀,8.3,2023 / 中国大陆 / 剧情 / 康洪雷 刘翰轩  / 张晚意 郭涛,2023,https://img9.doubanio.com/view/photo/m_ratio_poster/public/p2897407765.jpg
35918457,快乐再出发,9.6,2022 / 中国大陆 / 音乐 真人秀 / 赵浩 / 陈楚生 苏醒,2022,https://img1.doubanio.com/view/photo/m_ratio_poster/public/p2885753659.jpg
35725349,乐游原,6.7,2023 / 中国大陆 / 剧情 爱情 古装 / 郑伟文 / 许凯 景甜,2023,https://img1.doubanio.com/view/photo/m_ratio_poster/public/p2882788568.jpg
26258068,克拉恋人,5.8,2015 / 中国大陆 / 剧情 爱情 / 陈铭章 吴强 / 唐嫣 郑智薰,2015,https://img1.doubanio.com/view/photo/m_ratio_poster/public/p2218474760.jpg
26703476,烈火如歌,5.9,2018 / 中国大陆 / 爱情 奇幻 古装 / 梁胜权 / 周渝民 迪丽热巴,2018,https://img1.doubanio.com/view/photo/m_ratio_poster/public/p2452663599.jpg
26427831,微微一笑很倾城,7.2,2016 / 中国大陆 / 剧情 爱情 / 林玉芬 / 杨洋 毛晓彤,2016,https://img1.doubanio.com/view/photo/m_ratio_poster/public/p2372528799.jpg
36354085,问苍茫,8.9,2023 / 中国大陆 / 剧情 历史 / 王伟 / 王仁君 宁理,2023,https://img1.doubanio.com/view/photo/m_ratio_poster/public/p2901874168.jpg
35682502,兰闺喜事,7.8,2023 / 中国大陆 / 喜剧 古装 / 李亚飞 / 刘琳 李嘉琦,2023,https://img1.doubanio.com/view/photo/m_ratio_poster/public/p2893727349.jpg
35801116,画江湖之不良人6,9.4,2023 / 中国大陆 / 动作 动画 武侠 / 李帅帅 / 边江 申秋香,2023,https://img1.doubanio.com/view/photo/m_ratio_poster/public/p2888920309.jpg
1863947,神雕侠侣,9.2,1995 / 中国香港 / 爱情 武侠 古装 / 李添胜 / 古天乐 李若彤,1995,https://img1.doubanio.com/view/photo/m_ratio_poster/public/p2565268370.jpg
34923491,山河令,8.5,2021 / 中国大陆 / 剧情 武侠 古装 / 成志超 马华干 李宏宇 / 龚俊 周也,2021,https://img2.doubanio.com/view/photo/m_ratio_poster/public/p2686996301.jpg
2153527,新白娘子传奇,9.1,1992 / 中国台湾 / 爱情 奇幻 古装 / 夏祖辉 何麒 / 赵雅芝 叶童,1992,https://img9.doubanio.com/view/photo/m_ratio_poster/public/p2225032274.jpg
34801099,如此可爱的我们,8.1,2020 / 中国大陆 / 剧情 喜剧 爱情 家庭 / 猫的树 / 李明德 田曦薇,2020,https://img9.doubanio.com/view/photo/m_ratio_poster/public/p2576067296.jpg
35248698,护心,7.2,2023 / 中国大陆 / 爱情 奇幻 古装 / 何澍培 程箓 韩平 / 侯明昊 周也,2023,https://img9.doubanio.com/view/photo/m_ratio_poster/public/p2891865666.jpg
35465011,显微镜下的大明之丝绢案,7.8,2023 / 中国大陆 / 剧情 悬疑 古装 / 潘安子 / 张若昀 王阳,2023,https://img9.doubanio.com/view/photo/m_ratio_poster/public/p2887542696.jpg
25931446,爱情公寓5,6.9,2020 / 中国大陆 / 喜剧 爱情 / 韦正 / 娄艺潇 孙艺洲,2020,https://img3.doubanio.com/view/photo/m_ratio_poster/public/p2629015643.jpg
2181930,大宅门,9.4,2001 / 中国大陆 / 剧情 爱情 家庭 传记 历史 / 郭宝昌 / 斯琴高娃 刘佩琦,2001,https://img9.doubanio.com/view/photo/m_ratio_poster/public/p2312848796.jpg
2157131,少年包青天,8.6,2000 / 中国大陆 / 剧情 悬疑 古装 / 胡明凯 / 周杰 释小龙,2000,https://img1.doubanio.com/view/photo/m_ratio_poster/public/p2572370108.jpg
27068009,棋魂,8.6,2020 / 中国大陆 / 剧情 奇幻 运动 / 刘畅 / 胡先煦 张超,2020,https://img9.doubanio.com/view/photo/m_ratio_poster/public/p2623880325.jpg
26946624,小欢喜,8.2,2019 / 中国大陆 / 剧情 家庭 / 汪俊 / 黄磊 海清,2019,https://img3.doubanio.com/view/photo/m_ratio_poster/public/p2564832427.jpg
30291376,如意芳霏,4.7,2020 / 中国大陆 / 剧情 古装 / 林健龙 陈国华 / 鞠婧祎 刘奕畅,2020,https://img3.doubanio.com/view/photo/m_ratio_poster/public/p2686996917.jpg
35651927,模仿犯,7.4,2023 / 中国台湾 / 剧情 悬疑 犯罪 / 张荣吉 张亨如 / 吴慷仁 柯佳嬿,2023,https://img3.doubanio.com/view/photo/m_ratio_poster/public/p2887590312.jpg
35732451,你给我的喜欢,7.2,2023 / 中国大陆 / 剧情 / 丁英洲 / 王玉雯 王子奇,2023,https://img9.doubanio.com/view/photo/m_ratio_poster/public/p2890831846.jpg
1786740,还珠格格第二部,8.0,1999 / 中国台湾 中国大陆 / 剧情 喜剧 动作 爱情 古装 / 李平 孙树培 / 苏有朋 张铁林,1999,https://img9.doubanio.com/view/photo/m_ratio_poster/public/p2893730335.jpg
30311925,似火流年,8.2,2023 / 中国大陆 / 剧情 / 韩晓邯 耿明吉 / 韩东君 贾弘逍,2023,https://img1.doubanio.com/view/photo/m_ratio_poster/public/p2900828348.jpg
35041292,玉骨遥,6.3,2023 / 中国大陆 / 爱情 奇幻 古装 / 蒋家骏 / 肖战 任敏,2023,https://img1.doubanio.com/view/photo/m_ratio_poster/public/p2874882540.jpg
35404684,勇敢的翅膀,5.9,2022 / 中国大陆 / 剧情 战争 / 高进军 高威 / 张晚意 富大龙,2022,https://img1.doubanio.com/view/photo/m_ratio_poster/public/p2885332299.jpg
26849758,长安十二时辰,8.1,2019 / 中国大陆 / 剧情 悬疑 古装 / 曹盾 / 雷佳音 易烊千玺,2019,https://img2.doubanio.com/view/photo/m_ratio_poster/public/p2562953341.jpg
3901418,倚天屠龙记,8.5,2003 / 中国台湾 中国大陆 中国香港 / 剧情 武侠 古装 / 杨韬 / 苏有朋 贾静雯,2003,https://img1.doubanio.com/view/photo/m_ratio_poster/public/p1639170690.jpg
35196753,点燃我，温暖你,7.5,2022 / 中国大陆 / 剧情 爱情 / 刘俊杰 / 陈飞宇 张婧仪,2022,https://img9.doubanio.com/view/photo/m_ratio_poster/public/p2897009125.jpg
34792295,乔家的儿女,7.7,2021 / 中国大陆 / 剧情 家庭 / 张开宙 / 白宇 宋祖儿,2021,https://img9.doubanio.com/view/photo/m_ratio_poster/public/p2676263914.jpg
35132922,骄阳伴我,7.2,2023 / 中国大陆 / 剧情 爱情 / 宋晓飞 / 肖战 白百何,2023,https://img3.doubanio.com/view/photo/m_ratio_poster/public/p2897429863.jpg
1830528,三国演义,9.6,1994 / 中国大陆 / 剧情 历史 战争 / 王扶林 蔡晓晴 张绍林 孙光明 张中一 沈好放 / 唐国强 鲍国安,1994,https://img9.doubanio.com/view/photo/m_ratio_poster/public/p2558480666.jpg
30354606,唐人街探案,7.1,2020 / 中国大陆 / 悬疑 惊悚 犯罪 / 柯汶利 戴墨 姚文逸 来牧宽 / 邱泽 张钧甯,2020,https://img9.doubanio.com/view/photo/m_ratio_poster/public/p2579393076.jpg
35431984,两个人的小森林,6.2,2022 / 中国大陆 / 喜剧 爱情 / 蔡聪 / 虞书欣 张彬彬,2022,https://img1.doubanio.com/view/photo/m_ratio_poster/public/p2867437808.jpg
30463452,漂亮书生,4.9,2020 / 中国大陆 / 古装 / 智磊 / 鞠婧祎 宋威龙,2020,https://img1.doubanio.com/view/photo/m_ratio_poster/public/p2614993400.jpg
25885442,何以笙箫默,7.4,2015 / 中国大陆 / 剧情 爱情 / 刘俊杰 / 钟汉良 唐嫣,2015,https://img1.doubanio.com/view/photo/m_ratio_poster/public/p2219484759.jpg
36524455,势不可挡,0,2023 / 中国大陆 / 运动 真人秀 / 李晨 张伟丽,2023,https://img1.doubanio.com/view/photo/m_ratio_poster/public/p2901584918.jpg
5318129,家有儿女2,9.1,2005 / 中国大陆 / 喜剧 家庭 儿童 / 林丛 / 宋丹丹 高亚麟,2005,https://img2.doubanio.com/view/photo/m_ratio_poster/public/p2318110701.jpg
27107123,锦衣之下,7.5,2019 / 中国大陆 / 爱情 悬疑 古装 / 尹涛 / 任嘉伦 谭松韵,2019,https://img1.doubanio.com/view/photo/m_ratio_poster/public/p2579081159.jpg
26924742,秦时丽人明月心,4.9,2017 / 中国大陆 / 剧情 爱情 古装 / 刘新 / 迪丽热巴 张彬彬,2017,https://img3.doubanio.com/view/photo/m_ratio_poster/public/p2495352977.jpg
36088888,王牌对王牌 第八季,5.3,2023 / 中国大陆 / 喜剧 真人秀 / 吴彤 / 沈腾 华晨宇,2023,https://img1.doubanio.com/view/photo/m_ratio_poster/public/p2899978958.jpg
35991647,喜卷常乐城,0,2024 / 中国大陆 / 剧情 喜剧 爱情 古装 / 武雨泽 / 马天宇 卜冠今,2024,https://img1.doubanio.com/view/photo/m_ratio_poster/public/p2903793570.jpg
35344085,我在他乡挺好的,8.1,2021 / 中国大陆 / 剧情 爱情 / 李漠 / 周雨彤 任素汐,2021,https://img3.doubanio.com/view/photo/m_ratio_poster/public/p2672783277.jpg
1863941,天龙八部,9.1,1997 / 中国香港 / 剧情 武侠 古装 / 李添胜 / 黄日华 陈浩民,1997,https://img1.doubanio.com/view/photo/m_ratio_poster/public/p2346289959.jpg
26339609,且试天下,5.6,2022 / 中国大陆 / 剧情 爱情 古装 / 尹涛 于永刚 / 杨洋 赵露思,2022,https://img3.doubanio.com/view/photo/m_ratio_poster/public/p2876100183.jpg
1830590,康熙王朝,9.2,2001 / 中国大陆 / 剧情 爱情 传记 历史 / 陈家林 刘大印 / 斯琴高娃 陈道明,2001,https://img1.doubanio.com/view/photo/m_ratio_poster/public/p2373067679.jpg
35312037,后浪,4.1,2023 / 中国大陆 / 剧情 / 韩晓军 / 吴刚 赵露思,2023,https://img1.doubanio.com/view/photo/m_ratio_poster/public/p2897009438.jpg
1786742,情深深雨濛濛,7.4,2001 / 中国大陆 中国台湾 / 剧情 爱情 音乐 战争 / 李平 / 林心如 古巨基,2001,https://img9.doubanio.com/view/photo/m_ratio_poster/public/p2562061165.jpg
1863923,鹿鼎记,9.0,1998 / 中国香港 / 剧情 喜剧 古装 / 李添胜 / 陈小春 马浚伟,1998,https://img3.doubanio.com/view/photo/m_ratio_poster/public/p2540179137.jpg
1830575,雍正王朝,9.4,1999 / 中国大陆 / 剧情 历史 / 胡玫 / 唐国强 焦晃,1999,https://img3.doubanio.com/view/photo/m_ratio_poster/public/p1844028592.jpg
3933008,美人心计,7.7,2010 / 中国大陆 / 剧情 爱情 古装 / 吴锦源 梁辛全 陈国华 / 林心如 杨幂,2010,https://img1.doubanio.com/view/photo/m_ratio_poster/public/p587755970.jpg
35633626,底线,7.4,2022 / 中国大陆 / 剧情 犯罪 / 刘国彤 / 靳东 成毅,2022,https://img9.doubanio.com/view/photo/m_ratio_poster/public/p2880640575.jpg
35744499,天启异闻录,4.8,2023 / 中国大陆 / 剧情 冒险 古装 / 路阳 乔磊 范川 / 黄轩 吴樾,2023,https://img3.doubanio.com/view/photo/m_ratio_poster/public/p2902566883.jpg
2229576,上错花轿嫁对郎,8.6,2001 / 中国大陆 / 剧情 喜剧 爱情 古装 / 张子恩 / 黄奕 李琳,2001,https://img9.doubanio.com/view/photo/m_ratio_poster/public/p2566595065.jpg
25823274,杉杉来了,7.7,2014 / 中国大陆 / 剧情 爱情 / 刘俊杰 / 张翰 赵丽颖,2014,https://img3.doubanio.com/view/photo/m_ratio_poster/public/p2535682017.jpg
10484007,陆贞传奇,7.7,2013 / 中国大陆 / 爱情 古装 / 李慧珠 邓伟恩 梁国冠 / 赵丽颖 陈晓,2013,https://img9.doubanio.com/view/photo/m_ratio_poster/public/p1951583365.jpg
36099931,抖包袱大会,0,2023 / 中国大陆 / 喜剧 真人秀 / 郎昊辰 张九林,2023,https://img3.doubanio.com/view/photo/m_ratio_poster/public/p2889614403.jpg
26377690,大嫁风尚,7.8,2016 / 中国大陆 / 剧情 爱情 / 曾晓欣 / 乔振宇 杨紫,2016,https://img1.doubanio.com/view/photo/m_ratio_poster/public/p2263405429.jpg
35522243,为有暗香来,6.1,2023 / 中国大陆 / 剧情 爱情 / 白云默 国浩 / 周也 王星越,2023,https://img9.doubanio.com/view/photo/m_ratio_poster/public/p2899324055.jpg
36099924,这！就是街舞 第六季,0,2023 / 中国大陆 / 真人秀 / 陆伟 / 吴建豪 朴宰范,2023,https://img9.doubanio.com/view/photo/m_ratio_poster/public/p2899925766.jpg
35604644,她和她的她,8.6,2022 / 中国台湾 / 剧情 悬疑 / 卓立 / 许玮甯 李程彬,2022,https://img9.doubanio.com/view/photo/m_ratio_poster/public/p2871028984.jpg
35234634,满月之下请相爱,4.4,2021 / 中国大陆 / 剧情 爱情 / 李海蜀 黄彦威 / 鞠婧祎 郑业成,2021,https://img3.doubanio.com/view/photo/m_ratio_poster/public/p2647370712.jpg
26657834,新白娘子传奇,4.4,2019 / 中国大陆 / 剧情 爱情 奇幻 古装 / 智磊 / 于朦胧 鞠婧祎,2019,https://img1.doubanio.com/view/photo/m_ratio_poster/public/p2522387490.jpg
35391031,最食人间烟火色,7.6,2023 / 中国大陆 / 剧情 爱情 / 梁国冠 王辉 / 卢洋洋 陈鑫海,2023,https://img3.doubanio.com/view/photo/m_ratio_poster/public/p2889022017.jpg
34908020,我，喜欢你,6.5,2020 / 中国大陆 / 剧情 爱情 / 陈畅 / 林雨申 赵露思,2020,https://img9.doubanio.com/view/photo/m_ratio_poster/public/p2885677686.jpg
30482094,南风知我意,5.7,2023 / 中国大陆 / 剧情 爱情 / 李昂 / 成毅 张予曦,2023,https://img9.doubanio.com/view/photo/m_ratio_poster/public/p2897873785.jpg
1428576,葫芦兄弟,9.1,1986 / 中国大陆 / 动画 儿童 / 胡进庆 葛桂云 周克勤 / 戴欣 朱艺,1986,https://img1.doubanio.com/view/photo/m_ratio_poster/public/p2561717360.jpg
2085020,恶作剧之吻,9.0,2005 / 中国台湾 / 喜剧 爱情 / 瞿友宁 / 郑元畅 林依晨,2005,https://img9.doubanio.com/view/photo/m_ratio_poster/public/p1981190495.jpg
30170894,大宋少年志,7.8,2019 / 中国大陆 / 悬疑 古装 / 伊峥 王飞 彭学军 罗志刚 刘崇杰 / 张新成 周雨彤,2019,https://img2.doubanio.com/view/photo/m_ratio_poster/public/p2559266281.jpg
35471947,非凡医者,7.1,2023 / 中国大陆 / 剧情 / 陆川 / 张晚意 姜珮瑶,2023,https://img1.doubanio.com/view/photo/m_ratio_poster/public/p2900634830.jpg
36324849,明天的少年,0,2024 / 中国大陆 / 剧情 / 明焱 / 吴宇恒 周彦辰,2024,https://img1.doubanio.com/view/photo/m_ratio_poster/public/p2903697330.jpg
35623511,九义人,7.9,2023 / 中国大陆 / 剧情 悬疑 古装 / 臧溪川 / 吴倩 李佳航,2023,https://img1.doubanio.com/view/photo/m_ratio_poster/public/p2898123089.jpg
35297263,爱很美味,8.1,2021 / 中国大陆 / 剧情 喜剧 爱情 / 陈正道 许肇任 / 李纯 张含韵,2021,https://img2.doubanio.com/view/photo/m_ratio_poster/public/p2747567321.jpg
26581830,你好，旧时光,8.6,2017 / 中国大陆 / 剧情 爱情 / 沙漠 / 李兰迪 张新成,2017,https://img1.doubanio.com/view/photo/m_ratio_poster/public/p2505140928.jpg
1860377,黑猫警长,8.8,1984 / 中国大陆 / 动画 悬疑 / 戴铁郎 范马迪 熊南清 / 史东敏 王卫,1984,https://img3.doubanio.com/view/photo/m_ratio_poster/public/p2528877467.jpg
30488569,龙岭迷窟,8.1,2020 / 中国大陆 / 剧情 动作 冒险 / 费振翔 / 潘粤明 张雨绮,2020,https://img1.doubanio.com/view/photo/m_ratio_poster/public/p2593664928.jpg
26674019,法医秦明,7.0,2016 / 中国大陆 / 剧情 悬疑 / 徐昂 / 张若昀 焦俊艳,2016,https://img9.doubanio.com/view/photo/m_ratio_poster/public/p2389780054.jpg
36139980,凡人修仙传：星海飞驰篇,9.2,2023 / 中国大陆 / 动画 奇幻 / 王裕仁 林宇昂 / 钱文青 杨天翔,2023,https://img1.doubanio.com/view/photo/m_ratio_poster/public/p2896185169.jpg
26363830,余罪 第一季,8.4,2016 / 中国大陆 / 剧情 悬疑 犯罪 / 张睿 / 张一山 吴优,2016,https://img3.doubanio.com/view/photo/m_ratio_poster/public/p2359172677.jpg
4917905,宫,6.5,2011 / 中国大陆 / 剧情 爱情 历史 奇幻 古装 / 李慧珠 / 杨幂 冯绍峰,2011,https://img2.doubanio.com/view/photo/m_ratio_poster/public/p2476193021.jpg
30413128,风犬少年的天空,8.0,2020 / 中国大陆 / 喜剧 / 张一白 韩琰 李炳强 / 彭昱畅 张婧仪,2020,https://img2.doubanio.com/view/photo/m_ratio_poster/public/p2620379341.jpg
33442331,我是余欢水,7.3,2020 / 中国大陆 / 剧情 / 孙墨龙 / 郭京飞 苗苗,2020,https://img3.doubanio.com/view/photo/m_ratio_poster/public/p2574916002.jpg
30291091,我的莫格利男孩,5.6,2019 / 中国大陆 / 剧情 爱情 / 彭学军 / 马天宇 杨紫,2019,https://img1.doubanio.com/view/photo/m_ratio_poster/public/p2567210048.jpg
26363186,楚乔传,5.3,2017 / 中国大陆 / 剧情 爱情 古装 / 吴锦源 / 赵丽颖 林更新,2017,https://img9.doubanio.com/view/photo/m_ratio_poster/public/p2492821174.jpg
34896010,画江湖之不良人4,9.2,2021 / 中国大陆 / 动作 动画 武侠 / 舒奕橙 / 边江 申秋香,2021,https://img3.doubanio.com/view/photo/m_ratio_poster/public/p2619010287.jpg
35232070,平原上的摩西,7.6,2023 / 中国大陆 / 剧情 悬疑 犯罪 / 张大磊 / 董子健 海清,2023,https://img9.doubanio.com/view/photo/m_ratio_poster/public/p2886501826.jpg
34463476,以家人之名,6.7,2020 / 中国大陆 / 剧情 家庭 / 丁梓光 / 谭松韵 宋威龙,2020,https://img1.doubanio.com/view/photo/m_ratio_poster/public/p2616778459.jpg
2157130,金粉世家,8.5,2003 / 中国大陆 / 爱情 家庭 / 李大为 / 陈坤 董洁,2003,https://img3.doubanio.com/view/photo/m_ratio_poster/public/p2566207957.jpg
2239292,大宋提刑官,9.3,2005 / 中国大陆 / 剧情 悬疑 历史 古装 / 阚卫平 / 何冰 罗海琼,2005,https://img1.doubanio.com/view/photo/m_ratio_poster/public/p2397544089.jpg
35524406,画江湖之不良人5,8.4,2022 / 中国大陆 / 动作 动画 武侠 / 李帅帅 付亮 / 褚珺 边江,2022,https://img9.doubanio.com/view/photo/m_ratio_poster/public/p2797706656.jpg
34908091,天官赐福,8.1,2020 / 中国大陆 / 剧情 动画 / 李豪凌 / 姜广涛 马正阳,2020,https://img3.doubanio.com/view/photo/m_ratio_poster/public/p2621050857.jpg
1878360,金枝欲孽,9.0,2004 / 中国香港 / 剧情 古装 / 戚其义 / 邓萃雯 黎姿,2004,https://img1.doubanio.com/view/photo/m_ratio_poster/public/p2630000428.jpg
35063919,大宋少年志2,7.9,2023 / 中国大陆 / 剧情 古装 / 王飞 周楠 / 张新成 周雨彤,2023,https://img9.doubanio.com/view/photo/m_ratio_poster/public/p2896103245.jpg
2156775,西游记,9.3,1999 / 中国大陆 / 动画 奇幻 古装 / 方润南 潘积耀 周凤英 / 沈晓谦 张涵予,1999,https://img1.doubanio.com/view/photo/m_ratio_poster/public/p2295097159.jpg
26743573,欢乐颂2,5.4,2017 / 中国大陆 / 剧情 爱情 / 简川訸 张开宙 / 刘涛 蒋欣,2017,https://img9.doubanio.com/view/photo/m_ratio_poster/public/p2443590214.jpg
36686523,我的美食向导,8.7,2023 / 中国大陆 / 纪录片 / 陈晓卿 / 陈晓卿,2023,https://img3.doubanio.com/view/photo/m_ratio_poster/public/p2902349282.jpg
35165338,西出玉门,6.8,2023 / 中国大陆 / 剧情 爱情 悬疑 冒险 / 苏照彬 林子平 / 倪妮 白宇,2023,https://img2.doubanio.com/view/photo/m_ratio_poster/public/p2897733881.jpg
33393274,摩天大楼,7.9,2020 / 中国大陆 / 悬疑 犯罪 / 陈正道 许肇任 吴中天 / 郭涛 杨子姗,2020,https://img2.doubanio.com/view/photo/m_ratio_poster/public/p2617261901.jpg
2244363,粉红女郎,8.0,2003 / 中国大陆 / 剧情 喜剧 爱情 / 朱翊 / 刘若英 张延,2003,https://img2.doubanio.com/view/photo/m_ratio_poster/public/p2375782921.jpg
25980278,逆光之恋,7.4,2015 / 中国大陆 / 喜剧 / 任海曜 / 米热 迪丽热巴,2015,https://img1.doubanio.com/view/photo/m_ratio_poster/public/p2258806530.jpg
2997325,我的团长我的团,9.6,2009 / 中国大陆 / 历史 战争 / 康洪雷 / 段奕宏 张译,2009,https://img1.doubanio.com/view/photo/m_ratio_poster/public/p1826590030.jpg
35637224,三悦有了新工作,8.4,2022 / 中国大陆 / 剧情 / 李漠 / 周依然 杨新鸣,2022,https://img3.doubanio.com/view/photo/m_ratio_poster/public/p2880308482.jpg
35087772,暗格里的秘密,6.8,2021 / 中国大陆 / 剧情 爱情 / 张笑安 / 陈哲远 徐梦洁,2021,https://img3.doubanio.com/view/photo/m_ratio_poster/public/p2896316197.jpg
26614088,老九门,7.0,2016 / 中国大陆 / 剧情 悬疑 / 梁胜权 / 陈伟霆 张艺兴,2016,https://img9.doubanio.com/view/photo/m_ratio_poster/public/p2370960514.jpg
2284418,小鱼儿与花无缺,7.8,2005 / 中国香港 / 武侠 古装 / 王晶 / 谢霆锋 张卫健,2005,https://img1.doubanio.com/view/photo/m_ratio_poster/public/p1841599328.jpg
35161396,七时吉祥,6.2,2023 / 中国大陆 / 爱情 奇幻 古装 / 李南 / 杨超越 丁禹兮,2023,https://img3.doubanio.com/view/photo/m_ratio_poster/public/p2884145817.jpg
2270545,春光灿烂猪八戒,7.9,2000 / 中国大陆 / 剧情 喜剧 爱情 古装 / 范小天 叶崇铭 梦继 / 徐峥 陶虹,2000,https://img1.doubanio.com/view/photo/m_ratio_poster/public/p2554028430.jpg
27034752,雪中悍刀行,5.9,2021 / 中国大陆 / 剧情 武侠 古装 / 宋晓飞 / 张若昀 李庚希,2021,https://img9.doubanio.com/view/photo/m_ratio_poster/public/p2714598385.jpg
35467072,一年一度喜剧大赛,8.6,2021 / 中国大陆 / 真人秀 / 马东 黄渤,2021,https://img1.doubanio.com/view/photo/m_ratio_poster/public/p2701105839.jpg
35642479,我的人间烟火,2.7,2023 / 中国大陆 / 剧情 / 李木戈 / 杨洋 王楚然,2023,https://img3.doubanio.com/view/photo/m_ratio_poster/public/p2895226657.jpg
26298935,鬼吹灯之精绝古城,7.9,2016 / 中国大陆 / 剧情 悬疑 惊悚 / 孔笙 周游 孙墨龙 / 靳东 陈乔恩,2016,https://img3.doubanio.com/view/photo/m_ratio_poster/public/p2404604903.jpg
3904560,水浒传,9.0,1998 / 中国大陆 / 剧情 历史 古装 / 张绍林 / 李雪健 宁晓志,1998,https://img3.doubanio.com/view/photo/m_ratio_poster/public/p2558579542.jpg
26608230,三十而已,6.6,2020 / 中国大陆 / 剧情 家庭 / 张晓波 / 江疏影 童瑶,2020,https://img1.doubanio.com/view/photo/m_ratio_poster/public/p2614081670.jpg
2983389,寻秦记,8.6,2001 / 中国香港 / 剧情 喜剧 历史 / 庄伟建 石铭泉 刘顺安 林子欣 吴锦源 文伟鸿 / 古天乐 江华,2001,https://img3.doubanio.com/view/photo/m_ratio_poster/public/p2564379422.jpg
25943173,画江湖之不良人,8.4,2014 / 中国大陆 / 剧情 动画 武侠 / 刘阔 / 边江 申秋香,2014,https://img2.doubanio.com/view/photo/m_ratio_poster/public/p2195019541.jpg
35095274,一生一世,6.2,2021 / 中国大陆 / 剧情 / 沈阳 贲放 / 任嘉伦 白鹿,2021,https://img9.doubanio.com/view/photo/m_ratio_poster/public/p2626552924.jpg
2248757,铁齿铜牙纪晓岚,8.4,2001 / 中国大陆 / 剧情 喜剧 古装 / 刘家成 / 张国立 王刚,2001,https://img3.doubanio.com/view/photo/m_ratio_poster/public/p2446408143.jpg
27185549,请赐我一双翅膀,4.7,2019 / 中国大陆 / 剧情 悬疑 / 赖水清 国建勇 / 鞠婧祎 炎亚纶,2019,https://img9.doubanio.com/view/photo/m_ratio_poster/public/p2522410935.jpg
6129693,我可能不会爱你,8.8,2011 / 中国台湾 / 爱情 / 瞿友宁 / 林依晨 陈柏霖,2011,https://img9.doubanio.com/view/photo/m_ratio_poster/public/p1376142476.jpg
27124548,我要逆风去,7.3,2023 / 中国大陆 / 剧情 爱情 / 赵一龙 / 龚俊 钟楚曦,2023,https://img1.doubanio.com/view/photo/m_ratio_poster/public/p2893013339.jpg
36553325,飞常日志,5.7,2024 / 中国香港 / 剧情 / 陈耀全 / 马国明 陈豪,2024,https://img9.doubanio.com/view/photo/m_ratio_poster/public/p2903312275.jpg
3204594,虹猫蓝兔七侠传,9.6,2006 / 中国大陆 / 剧情 动作 动画 儿童 冒险 武侠 / 王宏 罗沐 许龙 徐艳娜 江莉 艾慕华 张建和 周韧峰 颜雷鸣 赵玉碧 朱海燕 / 付以琳 晏婷,2006,https://img1.doubanio.com/view/photo/m_ratio_poster/public/p2307667150.jpg
27605542,司藤,6.9,2021 / 中国大陆 / 剧情 爱情 奇幻 / 李木戈 / 景甜 张彬彬,2021,https://img9.doubanio.com/view/photo/m_ratio_poster/public/p2634831926.jpg
35178776,雾山五行·犀川幻紫林,9.3,2023 / 中国大陆 / 动作 动画 奇幻 武侠 / 林魂 / 郭盛 姜英俊,2023,https://img1.doubanio.com/view/photo/m_ratio_poster/public/p2893658260.jpg
35604144,我的反派男友,7.4,2022 / 中国大陆 / 爱情 奇幻 / 李青蓉 / 陈哲远 沈月,2022,https://img2.doubanio.com/view/photo/m_ratio_poster/public/p2881121441.jpg
36341665,金屋藏夫,0,2024 / 中国大陆 / 喜剧 爱情 奇幻 / 王嘉菲 / 赖美云 王梓豪,2024,https://img2.doubanio.com/view/photo/m_ratio_poster/public/p2903453131.jpg
35202793,扫黑风暴,7.1,2021 / 中国大陆 / 剧情 犯罪 / 五百 / 孙红雷 张艺兴,2021,https://img9.doubanio.com/view/photo/m_ratio_poster/public/p2623884456.jpg
27075195,招摇,6.0,2019 / 中国大陆 / 爱情 奇幻 古装 / 郑伟文 / 白鹿 许凯,2019,https://img9.doubanio.com/view/photo/m_ratio_poster/public/p2546429634.jpg
1933857,成龙历险记 第一季,9.3,2000 / 美国 中国香港 / 喜剧 动作 动画 家庭 奇幻 冒险 / Frank Squillace Phil Weinstein Bryan Andrews / 成龙 詹姆士·谢,2000,https://img1.doubanio.com/view/photo/m_ratio_poster/public/p2530298328.jpg
27135558,哦！我的皇帝陛下 第一季,5.1,2018 / 中国大陆 / 古装 / 高博 / 谷嘉诚 伍嘉成,2018,https://img9.doubanio.com/view/photo/m_ratio_poster/public/p2519142845.jpg
27148168,赘婿,6.3,2021 / 中国大陆 / 剧情 古装 / 邓科 / 郭麒麟 宋轶,2021,https://img9.doubanio.com/view/photo/m_ratio_poster/public/p2633779065.jpg
26815153,一人之下 第一季,8.8,2016 / 中国大陆 日本 / 喜剧 动作 动画 奇幻 / 李豪凌 王昕 / 田丸笃志 饭田友子,2016,https://img1.doubanio.com/view/photo/m_ratio_poster/public/p2370126919.jpg
34857296,半是蜜糖半是伤,6.7,2020 / 中国大陆 / 剧情 爱情 / 于中中 吴建新 / 罗云熙 白鹿,2020,https://img9.doubanio.com/view/photo/m_ratio_poster/public/p2621383445.jpg
33446539,慢游全世界,7.1,2019 / 中国大陆 / 真人秀 / 迪丽热巴 郑恺,2019,https://img3.doubanio.com/view/photo/m_ratio_poster/public/p2575163277.jpg
1718150,天龙八部,8.6,2003 / 中国大陆 / 剧情 动作 武侠 / 鞠觉亮 周晓文 于敏 赵箭 / 胡军 林志颖,2003,https://img1.doubanio.com/view/photo/m_ratio_poster/public/p2277689840.jpg
36117912,沧元图,8.8,2023 / 中国大陆 / 动作 动画 奇幻 古装 / 张毅立 / 三石 段艺璇,2023,https://img2.doubanio.com/view/photo/m_ratio_poster/public/p2892763331.jpg
26665065,琅琊榜之风起长林,8.4,2017 / 中国大陆 / 剧情 古装 / 孔笙 李雪 / 黄晓明 刘昊然,2017,https://img9.doubanio.com/view/photo/m_ratio_poster/public/p2503635995.jpg
35525100,炽道,7.5,2022 / 中国大陆 / 剧情 爱情 / 伊峥 / 金晨 王安宇,2022,https://img9.doubanio.com/view/photo/m_ratio_poster/public/p2897009365.jpg
30373781,创造营2019,5.4,2019 / 中国大陆 / 歌舞 真人秀 / 孙莉 / 迪丽热巴 郭富城,2019,https://img9.doubanio.com/view/photo/m_ratio_poster/public/p2546068496.jpg
2978224,流星花园,8.2,2001 / 中国台湾 / 剧情 喜剧 爱情 / 蔡岳勋 / 徐熙媛 言承旭,2001,https://img3.doubanio.com/view/photo/m_ratio_poster/public/p622968363.jpg
30483667,你是我的城池营垒,7.2,2021 / 中国大陆 / 剧情 爱情 / 张彤 / 马思纯 白敬亭,2021,https://img2.doubanio.com/view/photo/m_ratio_poster/public/p2635182901.jpg
2995948,神探狄仁杰,9.1,2004 / 中国大陆 / 剧情 悬疑 古装 / 钱雁秋 / 梁冠华 吕中,2004,https://img1.doubanio.com/view/photo/m_ratio_poster/public/p2240355699.jpg
35891808,欢颜,7.9,2023 / 中国大陆 / 剧情 / 徐兵 张胜富 郭子敬 / 董子健 张译,2023,https://img9.doubanio.com/view/photo/m_ratio_poster/public/p2895526494.jpg
26811532,千古玦尘,5.4,2021 / 中国大陆 / 剧情 爱情 古装 / 尹涛 李才 / 周冬雨 许凯,2021,https://img3.doubanio.com/view/photo/m_ratio_poster/public/p2603568403.jpg
30488068,极限挑战 第五季,4.1,2019 / 中国大陆 / 真人秀 / 施嘉宁 / 黄磊 罗志祥,2019,https://img2.doubanio.com/view/photo/m_ratio_poster/public/p2556238161.jpg
34607516,华灯初上,8.1,2021 / 中国台湾 / 剧情 爱情 悬疑 犯罪 / 连奕琦 / 林心如 杨谨华,2021,https://img9.doubanio.com/view/photo/m_ratio_poster/public/p2674746675.jpg
30246899,致我们暖暖的小时光,7.7,2019 / 中国大陆 / 剧情 爱情 / 祝东宁 / 邢菲 林一,2019,https://img3.doubanio.com/view/photo/m_ratio_poster/public/p2553373792.jpg
36093403,此时此刻,6.7,2023 / 中国台湾 / 剧情 爱情 / 连奕琦 高炳权 吴宗叡 黄绮琳 黄婕妤 / 王净 朱轩洋,2023,https://img1.doubanio.com/view/photo/m_ratio_poster/public/p2899056349.jpg
26789755,花儿与少年 第三季,7.6,2017 / 中国大陆 / 真人秀 / 吴梦知 / 井柏然 陈柏霖,2017,https://img3.doubanio.com/view/photo/m_ratio_poster/public/p2458613367.jpg
34951002,幸福到万家,7.1,2022 / 中国大陆 / 剧情 / 郑晓龙 刘雪松 姚远 / 赵丽颖 罗晋,2022,https://img3.doubanio.com/view/photo/m_ratio_poster/public/p2897009487.jpg
2210236,济公,8.7,1985 / 中国大陆 / 喜剧 奇幻 古装 / 张戈 / 游本昌 吕凉,1985,https://img9.doubanio.com/view/photo/m_ratio_poster/public/p2635001084.jpg
26333136,六扇门,7.6,2016 / 中国大陆 / 剧情 古装 / 刘国辉 黄俊文 / 林峯 迪丽热巴,2016,https://img1.doubanio.com/view/photo/m_ratio_poster/public/p2271207859.jpg
35873870,他是谁,5.6,2023 / 中国大陆 / 剧情 悬疑 犯罪 / 鲍成志 / 张译 陈雨锶,2023,https://img9.doubanio.com/view/photo/m_ratio_poster/public/p2896962554.jpg
35613241,县委大院,6.7,2022 / 中国大陆 / 剧情 / 孔笙 毛珺琳 王宏 / 胡歌 吴越,2022,https://img3.doubanio.com/view/photo/m_ratio_poster/public/p2884840342.jpg
35981366,破事精英 第二季,8.6,2023 / 中国大陆 / 剧情 喜剧 / 韦正 / 李佳航 成果,2023,https://img3.doubanio.com/view/photo/m_ratio_poster/public/p2891038447.jpg
2148394,大头儿子和小头爸爸,8.1,1995 / 中国大陆 / 动画 / 崔世昱 / 姚培华 符冲,1995,https://img3.doubanio.com/view/photo/m_ratio_poster/public/p2375026803.jpg
35924066,虚颜,7.4,2022 / 中国大陆 / 剧情 / 曾庆杰 / 柯颖 丞磊,2022,https://img2.doubanio.com/view/photo/m_ratio_poster/public/p2880778681.jpg
27191348,画江湖之不良人3,8.0,2018 / 中国大陆 / 动作 动画 武侠 / 周飞龙 / 边江 申秋香,2018,https://img3.doubanio.com/view/photo/m_ratio_poster/public/p2537897277.jpg
26358696,我的前半生,6.4,2017 / 中国大陆 / 剧情 家庭 / 沈严 / 靳东 马伊琍,2017,https://img3.doubanio.com/view/photo/m_ratio_poster/public/p2478928137.jpg
34863327,我才不要和你做朋友呢,8.1,2020 / 中国大陆 / 喜剧 爱情 奇幻 / 田宇 / 陈昊宇 庄达菲,2020,https://img9.doubanio.com/view/photo/m_ratio_poster/public/p2603121645.jpg
26776350,河神,8.1,2017 / 中国大陆 / 剧情 悬疑 / 田里 / 李现 张铭恩,2017,https://img9.doubanio.com/view/photo/m_ratio_poster/public/p2492172704.jpg
36166189,大侦探 第八季,8.6,2023 / 中国大陆 / 悬疑 真人秀 / 晏吉 / 何炅 张若昀,2023,https://img1.doubanio.com/view/photo/m_ratio_poster/public/p2887503680.jpg
26818236,曾少年,7.5,2023 / 中国大陆 / 剧情 / 王雷 刘畅 傅子恩 / 张一山 关晓彤,2023,https://img3.doubanio.com/view/photo/m_ratio_poster/public/p2895241642.jpg
35412475,花青歌,0,2024 / 中国大陆 / 剧情 动作 奇幻 古装 / 沈金飞 / 宋伊人 丁泽仁,2024,https://img3.doubanio.com/view/photo/m_ratio_poster/public/p2903174623.jpg
1830586,天下第一,8.4,2005 / 中国大陆 中国香港 中国台湾 / 动作 爱情 古装 / 邓衍成 韦丽园 / 郭晋安 霍建华,2005,https://img2.doubanio.com/view/photo/m_ratio_poster/public/p2189358261.jpg
5989840,轩辕剑之天之痕,6.8,2012 / 中国大陆 / 动作 爱情 奇幻 古装 / 李国立 / 胡歌 蒋劲夫,2012,https://img3.doubanio.com/view/photo/m_ratio_poster/public/p1532120953.jpg
26461145,一把青,9.2,2015 / 中国台湾 / 剧情 爱情 / 曹瑞原 / 杨谨华 天心,2015,https://img9.doubanio.com/view/photo/m_ratio_poster/public/p2398696296.jpg
36455116,跳进地理书的旅行,9.0,2023 / 中国大陆 / 真人秀 / 杨思远 章懿珂 孙雨田 / 郭文韬 齐思钧,2023,https://img1.doubanio.com/view/photo/m_ratio_poster/public/p2897229780.jpg
30157168,烈火军校,6.6,2019 / 中国大陆 / 剧情 爱情 / 惠楷栋 / 白鹿 许凯,2019,https://img1.doubanio.com/view/photo/m_ratio_poster/public/p2564980520.jpg
27008416,致我们单纯的小美好,7.1,2017 / 中国大陆 / 剧情 爱情 / 唐彬 杨龙 / 胡一天 沈月,2017,https://img9.doubanio.com/view/photo/m_ratio_poster/public/p2503805665.jpg
26737158,明星大侦探 第一季,9.4,2016 / 中国大陆 / 悬疑 犯罪 真人秀 / 何忱 / 何炅 撒贝宁,2016,https://img9.doubanio.com/view/photo/m_ratio_poster/public/p2328705965.jpg
36522428,奔跑吧·生态篇,6.2,2023 / 中国大陆 / 真人秀 / 姚译添 尤敏超 / 李晨 郑恺,2023,https://img2.doubanio.com/view/photo/m_ratio_poster/public/p2901160051.jpg
30176770,下一站是幸福,5.9,2020 / 中国大陆 / 剧情 爱情 / 丁梓光 / 宋茜 宋威龙,2020,https://img2.doubanio.com/view/photo/m_ratio_poster/public/p2581691951.jpg
27069428,有翡,5.6,2020 / 中国大陆 / 剧情 武侠 古装 / 吴锦源 / 赵丽颖 王一博,2020,https://img3.doubanio.com/view/photo/m_ratio_poster/public/p2771118037.jpg
35131244,国子监来了个女弟子,3.9,2021 / 中国大陆 / 剧情 爱情 古装 / 许珮珊 / 赵露思 徐开骋,2021,https://img3.doubanio.com/view/photo/m_ratio_poster/public/p2690115087.jpg
3732699,神话,7.7,2010 / 中国大陆 / 剧情 动作 奇幻 / 蒋家骏 / 胡歌 白冰,2010,https://img9.doubanio.com/view/photo/m_ratio_poster/public/p1702304944.jpg
35699688,一年一度喜剧大赛 第二季,7.7,2022 / 中国大陆 / 喜剧 真人秀 / 周宗政 童瑶 许伽 刘政 王雪 罗媛元 查文洁 / 黄渤 李诞,2022,https://img9.doubanio.com/view/photo/m_ratio_poster/public/p2880605434.jpg
34429670,胆小鬼,7.7,2022 / 中国大陆 / 剧情 悬疑 / 张晓波 / 欧豪 王砚辉,2022,https://img9.doubanio.com/view/photo/m_ratio_poster/public/p2897009065.jpg
35905951,那些回不去的年少时光,8.2,2023 / 中国大陆 / 剧情 爱情 / 王志勇 / 赵今麦 白宇帆,2023,https://img1.doubanio.com/view/photo/m_ratio_poster/public/p2898030330.jpg
35539600,追光的日子,8.0,2023 / 中国大陆 / 剧情 / 韩天 苏浩旗 / 郭京飞 任敏,2023,https://img2.doubanio.com/view/photo/m_ratio_poster/public/p2897009461.jpg
35180907,谁是凶手,6.1,2021 / 中国大陆 / 悬疑 犯罪 / 孙皓 / 赵丽颖 肖央,2021,https://img9.doubanio.com/view/photo/m_ratio_poster/public/p2779854344.jpg
26605881,大军师司马懿之军师联盟,8.2,2017 / 中国大陆 / 剧情 爱情 战争 古装 / 张永新 / 吴秀波 刘涛,2017,https://img9.doubanio.com/view/photo/m_ratio_poster/public/p2468698085.jpg
2157176,放羊的星星,8.1,2007 / 中国台湾 / 爱情 / 陈铭章 / 林志颖 刘荷娜,2007,https://img1.doubanio.com/view/photo/m_ratio_poster/public/p1640957649.jpg
26387728,极限挑战 第一季,9.3,2015 / 中国大陆 / 真人秀 / 任静 严敏 / 黄渤 孙红雷,2015,https://img1.doubanio.com/view/photo/m_ratio_poster/public/p2603241359.jpg
36705354,你好，儿科医生 第二季,0,2023 / 中国大陆 / 王运辉,2023,https://img9.doubanio.com/view/photo/m_ratio_poster/public/p2902483705.jpg
26803835,画江湖之不良人II,8.0,2016 / 中国大陆 / 剧情 动画 武侠 / 关心 / 边江 申秋香,2016,https://img9.doubanio.com/view/photo/m_ratio_poster/public/p2356038726.jpg
2327493,宝莲灯,7.8,2005 / 中国大陆 / 剧情 奇幻 古装 / 余明生 / 曹骏 舒畅,2005,https://img1.doubanio.com/view/photo/m_ratio_poster/public/p2371426629.jpg
36522512,名侦探学院 第七季,0,2023 / 中国大陆 / 真人秀 / 单丹霞 / 火树 郭文韬,2023,https://img9.doubanio.com/view/photo/m_ratio_poster/public/p2901191724.jpg
26776531,热血长安,6.5,2017 / 中国大陆 / 悬疑 古装 / 王骏晔 / 徐海乔 鞠婧祎,2017,https://img3.doubanio.com/view/photo/m_ratio_poster/public/p2458839943.jpg
35096882,与君歌,5.6,2021 / 中国大陆 / 爱情 悬疑 古装 / 刘国楠 赵立军 / 成毅 张予曦,2021,https://img9.doubanio.com/view/photo/m_ratio_poster/public/p2675314754.jpg
35152536,爱的二八定律,5.8,2022 / 中国大陆 / 剧情 爱情 / 林妍 / 杨幂 许凯,2022,https://img9.doubanio.com/view/photo/m_ratio_poster/public/p2874885896.jpg
35359490,重生之门,6.7,2022 / 中国大陆 / 悬疑 犯罪 / 杨冬 / 张译 王俊凯,2022,https://img9.doubanio.com/view/photo/m_ratio_poster/public/p2871986075.jpg
35964260,甜甜的陷阱,0,2024 / 中国大陆 / 剧情 爱情 / 邓展能 / 谢彬彬 张淼怡,2024,https://img2.doubanio.com/view/photo/m_ratio_poster/public/p2903708181.jpg
30313969,斗罗大陆,6.4,2021 / 中国大陆 / 古装 / 杨振宇 / 肖战 吴宣仪,2021,https://img3.doubanio.com/view/photo/m_ratio_poster/public/p2867174877.jpg
2411184,汉武大帝,9.2,2005 / 中国大陆 / 剧情 历史 古装 / 胡玫 / 陈宝国 焦晃,2005,https://img1.doubanio.com/view/photo/m_ratio_poster/public/p2878176040.jpg
25937995,大秧歌,6.9,2015 / 中国大陆 / 剧情 战争 / 郭靖宇 柏杉 刘礴 巨兴茂 / 杨志刚 杨紫,2015,https://img1.doubanio.com/view/photo/m_ratio_poster/public/p2193750138.jpg
36149976,奇迹,7.6,2023 / 中国台湾 / 剧情 爱情 同性 犯罪 / 吴孟糖 / 林毓桐 徐恺,2023,https://img9.doubanio.com/view/photo/m_ratio_poster/public/p2895464704.jpg
30258233,天雷一部之春花秋月,6.2,2019 / 中国大陆 / 剧情 爱情 / 黄纯 / 李宏毅 赵露思,2019,https://img9.doubanio.com/view/photo/m_ratio_poster/public/p2561516835.jpg
36588224,声生不息·家年华,0,2023 / 中国大陆 / 音乐 真人秀 / 洪啸 / 毛阿敏 孙楠,2023,https://img3.doubanio.com/view/photo/m_ratio_poster/public/p2901547343.jpg
27598254,少年派,6.5,2019 / 中国大陆 / 剧情 爱情 家庭 / 刘惠宁 李少飞 / 张嘉益 闫妮,2019,https://img1.doubanio.com/view/photo/m_ratio_poster/public/p2558828119.jpg
25800263,灵魂摆渡,8.7,2014 / 中国大陆 / 剧情 惊悚 恐怖 / 巨兴茂 郭世民 / 于毅 肖茵,2014,https://img3.doubanio.com/view/photo/m_ratio_poster/public/p2172608583.jpg
3023296,封神榜,8.3,2001 / 中国香港 / 奇幻 古装 / 刘仕裕 / 陈浩民 温碧霞,2001,https://img3.doubanio.com/view/photo/m_ratio_poster/public/p2510000623.jpg
35231321,变成你的那一天,7.6,2021 / 中国大陆 / 剧情 爱情 / 王征 / 张新成 梁洁,2021,https://img3.doubanio.com/view/photo/m_ratio_poster/public/p2655718442.jpg
26261188,花儿与少年 第二季,7.1,2015 / 中国大陆 / 真人秀 / 廖珂 / 井柏然 杨洋,2015,https://img3.doubanio.com/view/photo/m_ratio_poster/public/p2681354907.jpg
36150202,闪闪的儿科医生,9.5,2023 / 中国大陆 / 纪录片 / 廖莎,2023,https://img9.doubanio.com/view/photo/m_ratio_poster/public/p2890844896.jpg
26100709,灵魂摆渡2,8.4,2015 / 中国大陆 / 剧情 惊悚 恐怖 / 巨兴茂 / 于毅 刘智扬,2015,https://img3.doubanio.com/view/photo/m_ratio_poster/public/p2271516547.jpg
35524539,时光代理人 第二季,7.8,2023 / 中国大陆 / 动画 悬疑 / 李豪凌 / 杨天翔 苏尚卿,2023,https://img9.doubanio.com/view/photo/m_ratio_poster/public/p2891419304.jpg
36534092,爱的修学旅行,6.7,2023 / 中国大陆 / 真人秀 / 周一围 朱丹,2023,https://img9.doubanio.com/view/photo/m_ratio_poster/public/p2902748136.jpg
34463312,少主且慢行 第一季,6.7,2020 / 中国大陆 / 爱情 悬疑 古装 / 周彤 代梦颖 / 虞书欣 刘奕畅,2020,https://img1.doubanio.com/view/photo/m_ratio_poster/public/p2563946190.jpg
35725021,一人之下 第五季,8.8,2022 / 中国大陆 / 剧情 动作 动画 / 陈烨 / 曹云图 小连杀,2022,https://img3.doubanio.com/view/photo/m_ratio_poster/public/p2884530922.jpg
30446494,明星大侦探 第五季,8.3,2019 / 中国大陆 / 真人秀 / 何舒 / 何炅 撒贝宁,2019,https://img9.doubanio.com/view/photo/m_ratio_poster/public/p2574618624.jpg
34972208,少主且慢行 第二季,6.7,2020 / 中国大陆 / 爱情 悬疑 古装 / 周彤 / 虞书欣 刘奕畅,2020,https://img3.doubanio.com/view/photo/m_ratio_poster/public/p2623676152.jpg
1870436,舒克和贝塔,8.8,1989 / 中国大陆 / 动画 儿童 / 严定宪 林文肖 胡依红 王加世 阎善春 姚光华 沈寿林 薛梅君 彭戈 / 范捷 翟巍,1989,https://img1.doubanio.com/view/photo/m_ratio_poster/public/p2627283939.jpg
2138507,奋斗,7.6,2007 / 中国大陆 / 喜剧 爱情 / 赵宝刚 王迎 / 马伊琍 佟大为,2007,https://img9.doubanio.com/view/photo/m_ratio_poster/public/p2900135046.jpg
35735782,村里来了个暴走女外科,8.5,2022 / 中国台湾 / 剧情 喜剧 / 赖孟杰 / 蔡淑臻 朱轩洋,2022,https://img9.doubanio.com/view/photo/m_ratio_poster/public/p2871522986.jpg
36680488,喜羊羊与灰太狼之心世界奇遇,0,2024 / 中国大陆 / 动画 奇幻 / 蔡玉滢 何英强 / 祖晴 张琳,2024,https://img3.doubanio.com/view/photo/m_ratio_poster/public/p2903453907.jpg
2347485,天道,9.2,2008 / 中国大陆 / 剧情 爱情 / 张前 / 王志文 左小青,2008,https://img3.doubanio.com/view/photo/m_ratio_poster/public/p2374798402.jpg
3696540,喜羊羊与灰太狼,8.2,2005 / 中国大陆 / 喜剧 动画 / 黄伟明 赵崇邦 / 祖丽晴 张琳,2005,https://img3.doubanio.com/view/photo/m_ratio_poster/public/p2629726262.jpg
2154859,大明宫词,9.1,2000 / 中国大陆 / 剧情 爱情 古装 / 李少红 曾念平 / 陈红 归亚蕾,2000,https://img9.doubanio.com/view/photo/m_ratio_poster/public/p2554623194.jpg
27034748,一人之下 第二季,8.9,2017 / 中国大陆 / 喜剧 动作 动画 奇幻 / 陈烨 王昕 / 曹云图 小连杀,2017,https://img1.doubanio.com/view/photo/m_ratio_poster/public/p2503247980.jpg
2274948,恶作剧2吻,8.7,2007 / 中国台湾 / 喜剧 爱情 / 瞿友宁 / 郑元畅 林依晨,2007,https://img9.doubanio.com/view/photo/m_ratio_poster/public/p1981215346.jpg
7564975,风中奇缘,7.0,2014 / 中国大陆 / 剧情 古装 / 李国立 / 刘诗诗 彭于晏,2014,https://img3.doubanio.com/view/photo/m_ratio_poster/public/p2201684433.jpg
36700978,跳进地理书的旅行 第二季,0,2023 / 中国大陆 / 真人秀 / 杨思远 章懿珂 / 火树 郭文韬,2023,https://img3.doubanio.com/view/photo/m_ratio_poster/public/p2902419897.jpg
36053744,大王饶命2,0,2023 / 中国大陆 / 剧情 动作 爱情 动画 奇幻 / 危天行 / 杨天翔 赵爽,2023,https://img1.doubanio.com/view/photo/m_ratio_poster/public/p2898169949.jpg
36449788,令人心动的offer 第五季,7.9,2023 / 中国大陆 / 真人秀 / 黄晓明 陈铭,2023,https://img1.doubanio.com/view/photo/m_ratio_poster/public/p2898407318.jpg
35263440,时光代理人,8.1,2021 / 中国大陆 / 动画 / 李豪凌 / 杨天翔 苏尚卿,2021,https://img9.doubanio.com/view/photo/m_ratio_poster/public/p2669131265.jpg
35332288,他从火光中走来,7.1,2023 / 中国大陆 / 剧情 / 天毅 易勇 / 黄景瑜 张婧仪,2023,https://img1.doubanio.com/view/photo/m_ratio_poster/public/p2898715800.jpg
2157188,倚天剑屠龙刀,8.6,2001 / 中国香港 / 武侠 古装 / 庄伟建 / 吴启华 黎姿,2001,https://img9.doubanio.com/view/photo/m_ratio_poster/public/p2156176805.jpg
27611494,三千鸦杀,5.3,2020 / 中国大陆 / 爱情 奇幻 古装 / 回宇 / 郑业成 赵露思,2020,https://img9.doubanio.com/view/photo/m_ratio_poster/public/p2564293166.jpg
3901388,我爱我家,9.4,1993 / 中国大陆 / 喜剧 家庭 / 英达 / 文兴宇 宋丹丹,1993,https://img1.doubanio.com/view/photo/m_ratio_poster/public/p2573778068.jpg
26298756,无心法师,8.4,2015 / 中国大陆 / 剧情 奇幻 / 林玉芬 高林豹 / 韩东君 金晨,2015,https://img9.doubanio.com/view/photo/m_ratio_poster/public/p2285023234.jpg
35946038,不完美受害人,7.5,2023 / 中国大陆 / 剧情 悬疑 犯罪 / 杨阳 / 周迅 刘奕君,2023,https://img9.doubanio.com/view/photo/m_ratio_poster/public/p2895674395.jpg
35679839,仙逆,0,2023 / 中国大陆 / 剧情 动画 古装 / 石头熊 冯毅 / 史泽鲲 常文涛,2023,https://img3.doubanio.com/view/photo/m_ratio_poster/public/p2896563963.jpg
26785790,沙海,6.4,2018 / 中国大陆 / 剧情 / 毛鲲宇 李泽露 邹曦 / 吴磊 秦昊,2018,https://img3.doubanio.com/view/photo/m_ratio_poster/public/p2527072332.jpg
26766214,风起陇西,8.1,2022 / 中国大陆 / 剧情 悬疑 历史 古装 / 路阳 / 陈坤 白宇,2022,https://img2.doubanio.com/view/photo/m_ratio_poster/public/p2872590641.jpg
1441794,走向共和,9.6,2003 / 中国大陆 / 剧情 历史 / 张黎 / 王冰 吕中,2003,https://img9.doubanio.com/view/photo/m_ratio_poster/public/p2328449064.jpg
2373267,闯关东,9.3,2008 / 中国大陆 / 剧情 / 张新建 孔笙 / 李幼斌 萨日娜,2008,https://img3.doubanio.com/view/photo/m_ratio_poster/public/p2176633972.jpg
24695611,北平无战事,9.0,2014 / 中国大陆 / 剧情 战争 / 孔笙 李雪 / 刘烨 陈宝国,2014,https://img3.doubanio.com/view/photo/m_ratio_poster/public/p2569537222.jpg
26755568,龙珠传奇之无间道,4.7,2017 / 中国大陆 / 剧情 爱情 古装 / 朱少杰 周靖韬 / 杨紫 秦俊杰,2017,https://img3.doubanio.com/view/photo/m_ratio_poster/public/p2448555733.jpg
30474674,民国奇探,7.0,2020 / 中国大陆 / 喜剧 悬疑 / 张伟克 / 胡一天 张云龙,2020,https://img3.doubanio.com/view/photo/m_ratio_poster/public/p2592463453.jpg
2157146,孝庄秘史,8.6,2002 / 中国大陆 / 剧情 历史 古装 / 尤小刚 / 宁静 马景涛,2002,https://img3.doubanio.com/view/photo/m_ratio_poster/public/p2373066962.jpg
35095038,昆仑神宫,6.9,2022 / 中国大陆 / 剧情 动作 冒险 / 蔡岳勋 / 潘粤明 张雨绮,2022,https://img9.doubanio.com/view/photo/m_ratio_poster/public/p2880550356.jpg
35459225,浮图缘,6.6,2022 / 中国大陆 / 剧情 爱情 古装 / 吴强 / 王鹤棣 陈钰琪,2022,https://img9.doubanio.com/view/photo/m_ratio_poster/public/p2885427485.jpg
3032552,魔幻手机,8.5,2008 / 中国大陆 / 喜剧 奇幻 / 余明生 / 李滨 陈创,2008,https://img2.doubanio.com/view/photo/m_ratio_poster/public/p2325132291.jpg
27068534,风声,8.0,2020 / 中国大陆 / 剧情 悬疑 战争 / 李云亮 / 徐璐 文咏珊,2020,https://img3.doubanio.com/view/photo/m_ratio_poster/public/p2629002703.jpg
35561680,特工任务,8.0,2023 / 中国大陆 / 剧情 犯罪 / 赵宝刚 / 韩庚 魏大勋,2023,https://img9.doubanio.com/view/photo/m_ratio_poster/public/p2898229756.jpg
34800399,守护解放西,8.6,2019 / 中国大陆 / 纪录片 / 肖姝,2019,https://img3.doubanio.com/view/photo/m_ratio_poster/public/p2566291857.jpg
26685864,鸡毛飞上天,8.1,2017 / 中国大陆 / 剧情 / 余丁 / 张译 殷桃,2017,https://img3.doubanio.com/view/photo/m_ratio_poster/public/p2425505152.jpg
26830085,奔跑吧 第一季,5.7,2017 / 中国大陆 / 真人秀 / 邓超 李晨,2017,https://img2.doubanio.com/view/photo/m_ratio_poster/public/p2455340011.jpg
2377277,神探狄仁杰2,9.1,2006 / 中国大陆 / 剧情 动作 悬疑 古装 / 钱雁秋 / 梁冠华 张子健,2006,https://img1.doubanio.com/view/photo/m_ratio_poster/public/p2242225308.jpg
35479713,你安全吗？,7.3,2022 / 中国大陆 / 剧情 / 曹盾 杨彪 / 檀健次 荣梓杉,2022,https://img3.doubanio.com/view/photo/m_ratio_poster/public/p2879872687.jpg
26657015,太子妃升职记,7.2,2015 / 中国大陆 / 喜剧 爱情 古装 / 侣皓吉吉 / 张天爱 盛一伦,2015,https://img3.doubanio.com/view/photo/m_ratio_poster/public/p2308295492.jpg
26999861,明星大侦探 第三季,9.1,2017 / 中国大陆 / 真人秀 / 何舒 / 何炅 撒贝宁,2017,https://img2.doubanio.com/view/photo/m_ratio_poster/public/p2500329741.jpg
26611039,九州天空城,6.2,2016 / 中国大陆 / 奇幻 古装 / 杨磊 / 张若昀 关晓彤,2016,https://img1.doubanio.com/view/photo/m_ratio_poster/public/p2369293279.jpg
35713161,守护解放西3,8.7,2022 / 中国大陆 / 纪录片 / 肖姝,2022,https://img9.doubanio.com/view/photo/m_ratio_poster/public/p2885594986.jpg
2229479,穿越时空的爱恋,7.9,2002 / 中国大陆 / 剧情 奇幻 古装 / 孙太泉 杨军 / 张庭 徐峥,2002,https://img3.doubanio.com/view/photo/m_ratio_poster/public/p2373057182.jpg
2982064,风云,7.7,2002 / 中国大陆 / 动作 奇幻 武侠 / 徐进良 / 赵文卓 何润东,2002,https://img3.doubanio.com/view/photo/m_ratio_poster/public/p1395487093.jpg
35490184,好事成双,6.1,2023 / 中国大陆 / 剧情 / 滕华涛 王为 / 张小斐 黄晓明,2023,https://img1.doubanio.com/view/photo/m_ratio_poster/public/p2893494578.jpg
2156667,西游记续集,9.1,2000 / 中国大陆 / 剧情 动作 奇幻 冒险 古装 / 杨洁 / 六小龄童 徐少华,2000,https://img9.doubanio.com/view/photo/m_ratio_poster/public/p2558580136.jpg
35907888,女子推理社,8.4,2023 / 中国大陆 / 真人秀 / 甘亿 / 戚薇 张雨绮,2023,https://img9.doubanio.com/view/photo/m_ratio_poster/public/p2890783605.jpg
27202985,怒晴湘西,7.1,2019 / 中国大陆 / 剧情 奇幻 冒险 / 费振翔 / 潘粤明 高伟光,2019,https://img3.doubanio.com/view/photo/m_ratio_poster/public/p2545583652.jpg
35203351,二十不惑2,8.1,2022 / 中国大陆 / 剧情 爱情 / 黎志 / 关晓彤 卜冠今,2022,https://img3.doubanio.com/view/photo/m_ratio_poster/public/p2877690173.jpg
35166507,破事精英,7.8,2022 / 中国大陆 / 喜剧 / 韦正 / 李佳航 成果,2022,https://img2.doubanio.com/view/photo/m_ratio_poster/public/p2874163901.jpg
35515954,救了一万次的你,6.1,2022 / 中国大陆 / 爱情 奇幻 / 邓安宁 / 白客 张雅钦,2022,https://img9.doubanio.com/view/photo/m_ratio_poster/public/p2873838956.jpg
27121260,灵笼,8.3,2019 / 中国大陆 / 动作 科幻 动画 冒险 / 董相博 / 黄莺 李元韬,2019,https://img3.doubanio.com/view/photo/m_ratio_poster/public/p2650641487.jpg
34949767,叛逆者,7.7,2021 / 中国大陆 / 剧情 悬疑 / 周游 / 朱一龙 童瑶,2021,https://img1.doubanio.com/view/photo/m_ratio_poster/public/p2647381880.jpg
35230696,永远的第一名,8.3,2021 / 中国台湾 / 爱情 同性 / 姜瑞智 / 林子闳 杨宇腾,2021,https://img9.doubanio.com/view/photo/m_ratio_poster/public/p2628543356.jpg
2326686,第8号当铺,8.2,2003 / 中国台湾 / 剧情 奇幻 / 陈俊良 / 杜德伟 天心,2003,https://img1.doubanio.com/view/photo/m_ratio_poster/public/p2263933240.jpg
26801052,那年花开月正圆,7.2,2017 / 中国大陆 / 剧情 古装 / 丁黑 / 孙俪 陈晓,2017,https://img3.doubanio.com/view/photo/m_ratio_poster/public/p2496995622.jpg
1817169,邋遢大王奇遇记,8.7,1987 / 中国大陆 / 动画 儿童 / 钱运达 阎善春 / 丁建华,1987,https://img3.doubanio.com/view/photo/m_ratio_poster/public/p2520057783.jpg
35180906,王牌部队,0,2021 / 中国大陆 / 剧情 / 刘岩 天毅 / 黄景瑜 肖战,2021,https://img9.doubanio.com/view/photo/m_ratio_poster/public/p2623510175.jpg
26322639,小别离,8.0,2016 / 中国大陆 / 剧情 家庭 / 汪俊 / 黄磊 海清,2016,https://img9.doubanio.com/view/photo/m_ratio_poster/public/p2266304416.jpg
4861422,怪侠一枝梅,8.5,2010 / 中国大陆 / 剧情 喜剧 武侠 古装 / 李国立 吴锦源 游达志 梁胜权 / 霍建华 刘诗诗,2010,https://img3.doubanio.com/view/photo/m_ratio_poster/public/p2826927073.jpg
26315292,旋风少女 第一季,7.1,2015 / 中国大陆 / 剧情 爱情 / 成志超 / 胡冰卿 杨洋,2015,https://img9.doubanio.com/view/photo/m_ratio_poster/public/p2629766504.jpg
35042912,云南虫谷,6.1,2021 / 中国大陆 / 剧情 动作 冒险 / 费振翔 李磊 / 潘粤明 张雨绮,2021,https://img3.doubanio.com/view/photo/m_ratio_poster/public/p2623867432.jpg
30329046,明星大侦探 第四季,8.6,2018 / 中国大陆 / 真人秀 / 何舒 / 何炅 撒贝宁,2018,https://img9.doubanio.com/view/photo/m_ratio_poster/public/p2538816286.jpg
2375707,神雕侠侣,7.8,2006 / 中国大陆 / 武侠 古装 / 于敏 / 黄晓明 刘亦菲,2006,https://img9.doubanio.com/view/photo/m_ratio_poster/public/p2427114435.jpg
27180943,重启之极海听雷 第一季,7.1,2020 / 中国大陆 / 悬疑 冒险 / 潘安子 / 朱一龙 毛晓彤,2020,https://img1.doubanio.com/view/photo/m_ratio_poster/public/p2503197639.jpg
30395914,雾山五行,8.7,2020 / 中国大陆 / 动作 动画 奇幻 / 林魂 / 郭盛 郝祥海,2020,https://img1.doubanio.com/view/photo/m_ratio_poster/public/p2615404769.jpg
25864698,花儿与少年 第一季,7.3,2014 / 中国大陆 / 真人秀 / 廖珂 / 张翰 华晨宇,2014,https://img9.doubanio.com/view/photo/m_ratio_poster/public/p2178774434.jpg
1922656,法证先锋,8.8,2006 / 中国香港 / 剧情 犯罪 / 梅小青 / 欧阳震华 林文龙,2006,https://img9.doubanio.com/view/photo/m_ratio_poster/public/p2373073796.jpg
35633718,回来的女儿,6.2,2022 / 中国大陆 / 悬疑 家庭 / 吕行 / 张子枫 王砚辉,2022,https://img1.doubanio.com/view/photo/m_ratio_poster/public/p2885326350.jpg
36135482,凶案深处,6.0,2023 / 中国大陆 / 悬疑 犯罪 / 李昱彤 / 马思超 刘怡潼,2023,https://img2.doubanio.com/view/photo/m_ratio_poster/public/p2901820881.jpg
2239286,宰相刘罗锅,8.3,1996 / 中国大陆 / 喜剧 古装 / 张子恩 石零 / 李保田 张国立,1996,https://img9.doubanio.com/view/photo/m_ratio_poster/public/p1334128484.jpg
21766654,芈月传,6.1,2015 / 中国大陆 / 剧情 古装 / 郑晓龙 / 孙俪 刘涛,2015,https://img9.doubanio.com/view/photo/m_ratio_poster/public/p2881825195.jpg
26986804,绝代双骄,5.9,2020 / 中国大陆 / 武侠 古装 / 邹集城 刘方 / 胡一天 陈哲远,2020,https://img3.doubanio.com/view/photo/m_ratio_poster/public/p2581271803.jpg
34982236,天才基本法,7.3,2022 / 中国大陆 / 剧情 爱情 / 沈严 / 雷佳音 张子枫,2022,https://img3.doubanio.com/view/photo/m_ratio_poster/public/p2876345437.jpg
30122638,流金岁月,6.4,2020 / 中国大陆 / 剧情 爱情 / 沈严 / 刘诗诗 倪妮,2020,https://img1.doubanio.com/view/photo/m_ratio_poster/public/p2629861450.jpg
36374678,我叫赵吴狄,0,2024 / 中国大陆 / 剧情 / 潘嬿茜 祝东宁 / 赵尧珂 杨业明,2024,https://img3.doubanio.com/view/photo/m_ratio_poster/public/p2903230467.jpg
35750094,对你不止是喜欢,5.9,2023 / 中国大陆 / 剧情 爱情 / 刘栋 / 魏哲鸣 黄日莹,2023,https://img9.doubanio.com/view/photo/m_ratio_poster/public/p2900580306.jpg
27015848,魔道祖师 第一季,8.8,2018 / 中国大陆 / 剧情 动画 古装 / 熊可 / 张杰 边江,2018,https://img1.doubanio.com/view/photo/m_ratio_poster/public/p2523153760.jpg
36424361,我可以47,7.6,2023 / 中国大陆 / 真人秀 / 严敏 / 甄子丹 范志毅,2023,https://img3.doubanio.com/view/photo/m_ratio_poster/public/p2899274942.jpg
26889177,异物志,8.5,2022 / 中国大陆 / 动作 悬疑 奇幻 / 李洪绸 车志刚 邢冬冬 / 邵庄 杨羽,2022,https://img9.doubanio.com/view/photo/m_ratio_poster/public/p2871478104.jpg
24530693,微时代,7.0,2014 / 中国大陆 / 剧情 爱情 / 刘一志 / 肖雨雨 迪丽热巴,2014,https://img3.doubanio.com/view/photo/m_ratio_poster/public/p2003194762.jpg
34807445,哦！我的皇帝陛下 第二季,4.8,2018 / 中国大陆 / 爱情 古装 / 高博 / 谷嘉诚 赵露思,2018,https://img1.doubanio.com/view/photo/m_ratio_poster/public/p2611783390.jpg
1478186,射雕英雄传,9.2,1983 / 中国香港 / 剧情 动作 武侠 古装 / 杜琪峰 / 黄日华 翁美玲,1983,https://img2.doubanio.com/view/photo/m_ratio_poster/public/p2175250901.jpg
24904361,万万没想到 第一季,8.4,2013 / 中国大陆 / 剧情 喜剧 短片 / 易小星 / 白客 葛布,2013,https://img2.doubanio.com/view/photo/m_ratio_poster/public/p2074980391.jpg
35169989,一人之下 第四季,8.1,2021 / 中国大陆 / 剧情 动画 冒险 / 陈烨 / 曹云图 小连杀,2021,https://img1.doubanio.com/view/photo/m_ratio_poster/public/p2683155620.jpg
2311147,绝代双骄,7.7,1999 / 中国台湾 中国大陆 / 剧情 武侠 古装 / 李国立 / 苏有朋 林志颖,1999,https://img1.doubanio.com/view/photo/m_ratio_poster/public/p2214654588.jpg
30148173,你微笑时很美,3.2,2021 / 中国大陆 / 剧情 爱情 / 裘仲维 / 许凯 程潇,2021,https://img1.doubanio.com/view/photo/m_ratio_poster/public/p2616363269.jpg
10477598,罗小黑战记,9.6,2011 / 中国大陆 / 剧情 喜剧 动作 动画 奇幻 / 木头 / 山新 皇贞季,2011,https://img9.doubanio.com/view/photo/m_ratio_poster/public/p2496903956.jpg
2190934,陀枪师姐,8.6,1998 / 中国香港 / 剧情 犯罪 / 邝业生 / 关咏荷 滕丽名,1998,https://img9.doubanio.com/view/photo/m_ratio_poster/public/p2233668756.jpg
3237723,三国,7.9,2010 / 中国大陆 / 剧情 历史 战争 / 高希希 / 陈建斌 陆毅,2010,https://img9.doubanio.com/view/photo/m_ratio_poster/public/p2415710866.jpg
35551677,花轿喜事,4.0,2023 / 中国大陆 / 剧情 爱情 古装 / 澄丰 / 田曦薇 敖瑞鹏,2023,https://img9.doubanio.com/view/photo/m_ratio_poster/public/p2897114604.jpg
1864236,水月洞天,8.6,2004 / 中国大陆 / 动作 奇幻 古装 / 梁国冠 李达超 / 于波 蔡少芬,2004,https://img3.doubanio.com/view/photo/m_ratio_poster/public/p2509415833.jpg
35235428,对手,7.8,2021 / 中国大陆 / 剧情 悬疑 / 卢伦常 / 郭京飞 谭卓,2021,https://img3.doubanio.com/view/photo/m_ratio_poster/public/p2782204672.jpg
36200532,非正式会谈 第八季,8.6,2023 / 中国大陆 / 大左 杨迪,2023,https://img9.doubanio.com/view/photo/m_ratio_poster/public/p2900306585.jpg
33442334,风起洛阳,6.3,2021 / 中国大陆 / 剧情 悬疑 古装 / 谢泽 / 黄轩 王一博,2021,https://img1.doubanio.com/view/photo/m_ratio_poster/public/p2741802500.jpg
26821378,明星大侦探 第二季,9.0,2017 / 中国大陆 / 悬疑 犯罪 真人秀 / 何忱 / 何炅 撒贝宁,2017,https://img3.doubanio.com/view/photo/m_ratio_poster/public/p2410155723.jpg
35459040,第一次遇见花香的那刻,8.4,2021 / 中国台湾 / 爱情 同性 / 邓依涵 / 林辰唏 程予希,2021,https://img1.doubanio.com/view/photo/m_ratio_poster/public/p2707253639.jpg
36141108,胶囊计划 第二季,8.0,2023 / 中国大陆 / 剧情 动画 / 张勃 谢丹 王家国 毕维 白猫 理光瀚 师哲 梁卓宏 高子涵 王钰丰 陈飞 易宝星辰 袁原 保罗·威廉姆斯,2023,https://img3.doubanio.com/view/photo/m_ratio_poster/public/p2900979673.jpg
27006122,端脑,7.4,2017 / 中国大陆 / 科幻 悬疑 / 于中中 / 朱元冰 蒋依依,2017,https://img2.doubanio.com/view/photo/m_ratio_poster/public/p2505851891.jpg
33422361,中餐厅 第三季,4.9,2019 / 中国大陆 / 真人秀 / 王恬 刘利辉 / 黄晓明 秦海璐,2019,https://img9.doubanio.com/view/photo/m_ratio_poster/public/p2563093066.jpg
35240435,逆局,8.2,2021 / 中国台湾 / 悬疑 犯罪 / 庄绚维 陈冠仲 / 周渝民 朱轩洋,2021,https://img2.doubanio.com/view/photo/m_ratio_poster/public/p2681444031.jpg
35390178,见面吧就现在,7.6,2022 / 中国大陆 / 剧情 爱情 / 姜好 猫的树 / 卢洋洋 何与,2022,https://img9.doubanio.com/view/photo/m_ratio_poster/public/p2879597645.jpg
2155290,笑傲江湖,8.5,2001 / 中国大陆 / 剧情 爱情 武侠 / 黄健中 元彬 / 李亚鹏 许晴,2001,https://img1.doubanio.com/view/photo/m_ratio_poster/public/p2494013849.jpg
4059238,下一站，幸福,8.4,2009 / 中国台湾 / 剧情 爱情 / 陈慧翎 / 吴建豪 安以轩,2009,https://img1.doubanio.com/view/photo/m_ratio_poster/public/p2396861279.jpg
2156771,哪吒传奇,9.1,2003 / 中国大陆 / 动画 儿童 奇幻 冒险 / 蔡志军 陈家奇 / 郝幽玥 高枫,2003,https://img9.doubanio.com/view/photo/m_ratio_poster/public/p2355107194.jpg
26344999,锦绣未央,4.9,2016 / 中国大陆 / 剧情 爱情 古装 / 李慧珠 / 唐嫣 罗晋,2016,https://img3.doubanio.com/view/photo/m_ratio_poster/public/p2396908807.jpg
27624762,伍六七,8.8,2018 / 中国大陆 / 剧情 喜剧 动作 动画 / 何小疯 / 何小疯 姜广涛,2018,https://img3.doubanio.com/view/photo/m_ratio_poster/public/p2707610653.jpg
35859355,欢迎来到蘑菇屋,8.4,2022 / 中国大陆 / 真人秀 / 陈楚生 陆虎,2022,https://img1.doubanio.com/view/photo/m_ratio_poster/public/p2871417079.jpg
35196767,明星大侦探 第六季,8.7,2020 / 中国大陆 / 真人秀 / 何舒 陈晓翎 / 何炅 撒贝宁,2020,https://img1.doubanio.com/view/photo/m_ratio_poster/public/p2629958749.jpg
35907887,闪耀的她,6.3,2023 / 中国大陆 / 剧情 / 王迎 / 秦岚 王阳,2023,https://img3.doubanio.com/view/photo/m_ratio_poster/public/p2893462487.jpg
35633618,今日宜加油,7.9,2023 / 中国大陆 / 剧情 / 吴强 于中中 / 郑恺 陈钰琪,2023,https://img3.doubanio.com/view/photo/m_ratio_poster/public/p2888040557.jpg
30230682,宸汐缘,8.3,2019 / 中国大陆 / 剧情 爱情 奇幻 古装 / 林玉芬 梁胜权 任海涛 郭虎 / 张震 倪妮,2019,https://img9.doubanio.com/view/photo/m_ratio_poster/public/p2566157626.jpg
2252733,康熙微服私访记1,7.7,1997 / 中国大陆 / 剧情 历史 古装 / 张子恩 / 张国立 邓婕,1997,https://img9.doubanio.com/view/photo/m_ratio_poster/public/p2494250416.jpg
26877434,从前有座灵剑山,7.0,2019 / 中国大陆 / 喜剧 / 于中中 / 许凯 张榕容,2019,https://img2.doubanio.com/view/photo/m_ratio_poster/public/p2574861321.jpg
36369442,快乐的大人,9.2,2023 / 中国大陆 / 沈月 王敬轩,2023,https://img3.doubanio.com/view/photo/m_ratio_poster/public/p2895759563.jpg
2190914,橘子红了,8.0,2002 / 中国大陆 / 剧情 爱情 家庭 古装 / 李少红 / 周迅 归亚蕾,2002,https://img3.doubanio.com/view/photo/m_ratio_poster/public/p2371404453.jpg
34845712,三叉戟,7.5,2020 / 中国大陆 / 剧情 犯罪 / 刘海波 / 陈建斌 董勇,2020,https://img3.doubanio.com/view/photo/m_ratio_poster/public/p2607650553.jpg
35082299,一不小心捡到爱,4.3,2021 / 中国大陆 / 爱情 / 钟青 / 赵露思 刘特,2021,https://img3.doubanio.com/view/photo/m_ratio_poster/public/p2633610437.jpg
35231039,守护解放西2,9.0,2020 / 中国大陆 / 纪录片 / 肖姝,2020,https://img2.doubanio.com/view/photo/m_ratio_poster/public/p2624512671.jpg
3098725,小鲤鱼历险记,8.6,2007 / 中国大陆 / 动画 儿童 奇幻 冒险 / 张族权 杨子岚 / 伍凤春 贾小军,2007,https://img3.doubanio.com/view/photo/m_ratio_poster/public/p2355099687.jpg
35524871,大侦探 第七季,7.7,2022 / 中国大陆 / 真人秀 / 晏吉 / 何炅 张若昀,2022,https://img3.doubanio.com/view/photo/m_ratio_poster/public/p2867146843.jpg
35461571,郎君不如意,6.0,2023 / 中国大陆 / 喜剧 爱情 奇幻 古装 / 澄丰 / 吴宣仪 陈哲远,2023,https://img9.doubanio.com/view/photo/m_ratio_poster/public/p2887950514.jpg
36406437,森林进化论,9.1,2023 / 中国大陆 / 真人秀 / 晏吉 / 火树 韩潇,2023,https://img1.doubanio.com/view/photo/m_ratio_poster/public/p2895643900.jpg
26435736,狐妖小红娘,8.9,2015 / 中国大陆 / 喜剧 爱情 动画 / 王昕 / 杨天翔 张杰,2015,https://img2.doubanio.com/view/photo/m_ratio_poster/public/p2253414171.jpg
36093359,伍六七之暗影宿命,8.2,2023 / 中国大陆 / 喜剧 动作 动画 冒险 武侠 / 何小疯 / 何小疯 段艺璇,2023,https://img1.doubanio.com/view/photo/m_ratio_poster/public/p2886272760.jpg
2148374,不要和陌生人说话,8.2,2001 / 中国大陆 / 剧情 家庭 / 张建栋 / 冯远征 梅婷,2001,https://img2.doubanio.com/view/photo/m_ratio_poster/public/p1334115371.jpg
26615572,极限挑战 第二季,9.4,2016 / 中国大陆 / 冒险 真人秀 / 任静 严敏 / 黄渤 孙红雷,2016,https://img9.doubanio.com/view/photo/m_ratio_poster/public/p2329745796.jpg
36017435,凡人修仙传：初入星海,9.0,2022 / 中国大陆 / 动作 动画 奇幻 冒险 古装 / 王裕仁 赵侠 / 钱文青 李诗萌,2022,https://img3.doubanio.com/view/photo/m_ratio_poster/public/p2881861577.jpg
36055633,乐队的夏天 第三季,7.2,2023 / 中国大陆 / 音乐 真人秀 / 王雪 陈雨璇 / 大张伟 高叶,2023,https://img3.doubanio.com/view/photo/m_ratio_poster/public/p2896695797.jpg
26359236,凤囚凰,3.8,2018 / 中国大陆 / 剧情 爱情 古装 / 李慧珠 邓伟恩 李公乐 黄斌 / 关晓彤 宋威龙,2018,https://img2.doubanio.com/view/photo/m_ratio_poster/public/p2509709101.jpg
3111378,大耳朵图图,8.9,2004 / 中国大陆 / 动画 儿童 / 速达 / 豆豆 赵铭,2004,https://img1.doubanio.com/view/photo/m_ratio_poster/public/p2665404289.jpg
27087788,虎啸龙吟,8.4,2017 / 中国大陆 / 剧情 战争 古装 / 张永新 / 吴秀波 刘涛,2017,https://img9.doubanio.com/view/photo/m_ratio_poster/public/p2505793154.jpg
34456079,一人之下 第三季,7.4,2020 / 中国大陆 / 动画 / 危天行 黄成希 / 曹云图 小连杀,2020,https://img1.doubanio.com/view/photo/m_ratio_poster/public/p2597627829.jpg
